USE [DIPREMA]
GO
SET IDENTITY_INSERT [dbo].[Clientes] ON 

INSERT [dbo].[Clientes] ([ClienteID], [Identificacion], [NombreCompleto], [Telefono], [Correo], [Direccion], [Estado]) VALUES (19, N'610830605', N'Keiko Gordon', N'18476598', N'interdum@CurabiturmassaVestibulum.com', N'Uttar Pradesh', 1)
INSERT [dbo].[Clientes] ([ClienteID], [Identificacion], [NombreCompleto], [Telefono], [Correo], [Direccion], [Estado]) VALUES (20, N'497650452', N'Quyn Velez', N'11975833', N'enim.nisl.elementum@atpretiumaliquet.edu', N'LEN', 1)
INSERT [dbo].[Clientes] ([ClienteID], [Identificacion], [NombreCompleto], [Telefono], [Correo], [Direccion], [Estado]) VALUES (21, N'592833739', N'Micah Kirby', N'62235186', N'consequat.auctor.nunc@odiovelest.org', N'Vienna', 1)
INSERT [dbo].[Clientes] ([ClienteID], [Identificacion], [NombreCompleto], [Telefono], [Correo], [Direccion], [Estado]) VALUES (22, N'520658421', N'Sasha Ratliff', N'44527822', N'adipiscing@dictummagnaUt.com', N'TX', 0)
INSERT [dbo].[Clientes] ([ClienteID], [Identificacion], [NombreCompleto], [Telefono], [Correo], [Direccion], [Estado]) VALUES (23, N'429077125', N'McKenzie Cole', N'48944039', N'dui.in@odioEtiamligula.co.uk', N'Maharastra', 0)
INSERT [dbo].[Clientes] ([ClienteID], [Identificacion], [NombreCompleto], [Telefono], [Correo], [Direccion], [Estado]) VALUES (24, N'902681159', N'Naomi Adams', N'38191805', N'non.dui.nec@scelerisquedui.com', N'SJ', 0)
INSERT [dbo].[Clientes] ([ClienteID], [Identificacion], [NombreCompleto], [Telefono], [Correo], [Direccion], [Estado]) VALUES (25, N'117893803', N'Travis Mccluree', N'89091848', N'cursus@Aliquamadipiscinglobortis.ca', N'RM', 0)
INSERT [dbo].[Clientes] ([ClienteID], [Identificacion], [NombreCompleto], [Telefono], [Correo], [Direccion], [Estado]) VALUES (26, N'380928797', N'Clinton Hines', N'63883206', N'non.ante@velitSed.edu', N'Vienna', 1)
INSERT [dbo].[Clientes] ([ClienteID], [Identificacion], [NombreCompleto], [Telefono], [Correo], [Direccion], [Estado]) VALUES (27, N'783718392', N'Guy Bolton', N'69298809', N'feugiat.non@aliquamarcu.net', N'SMO', 1)
INSERT [dbo].[Clientes] ([ClienteID], [Identificacion], [NombreCompleto], [Telefono], [Correo], [Direccion], [Estado]) VALUES (28, N'642211165', N'Jenna Kerr', N'28189291', N'tortor.at.risus@Nunc.org', N'HH', 1)
INSERT [dbo].[Clientes] ([ClienteID], [Identificacion], [NombreCompleto], [Telefono], [Correo], [Direccion], [Estado]) VALUES (29, N'185552204', N'Forrest Santiago', N'79243979', N'elit.Aliquam.auctor@ProinmiAliquam.edu', N'Cantabria', 0)
INSERT [dbo].[Clientes] ([ClienteID], [Identificacion], [NombreCompleto], [Telefono], [Correo], [Direccion], [Estado]) VALUES (30, N'766323821', N'Griffith Griffin', N'96374699', N'enim@vitaediamProin.ca', N'RJ', 0)
INSERT [dbo].[Clientes] ([ClienteID], [Identificacion], [NombreCompleto], [Telefono], [Correo], [Direccion], [Estado]) VALUES (31, N'675994098', N'Casey Mann', N'75957155', N'rutrum.magna@pretiumaliquet.org', N'Diyarbakir', 1)
INSERT [dbo].[Clientes] ([ClienteID], [Identificacion], [NombreCompleto], [Telefono], [Correo], [Direccion], [Estado]) VALUES (32, N'731865605', N'Marshall Rodriquez', N'14903003', N'eget.mollis.lectus@mattis.co.uk', N'HB', 1)
INSERT [dbo].[Clientes] ([ClienteID], [Identificacion], [NombreCompleto], [Telefono], [Correo], [Direccion], [Estado]) VALUES (33, N'919047907', N'Catherine Pugh', N'90040560', N'inceptos.hymenaeos.Mauris@orciin.co.uk', N'Östergötlands län', 1)
INSERT [dbo].[Clientes] ([ClienteID], [Identificacion], [NombreCompleto], [Telefono], [Correo], [Direccion], [Estado]) VALUES (34, N'691613792', N'Naomi Silva', N'40038551', N'Donec.felis.orci@Aeneanegetmagna.co.uk', N'SI', 1)
INSERT [dbo].[Clientes] ([ClienteID], [Identificacion], [NombreCompleto], [Telefono], [Correo], [Direccion], [Estado]) VALUES (35, N'829472934', N'Stephen Fitzpatrick', N'11021889', N'mollis.vitae@fringilla.org', N'South Kalimantan', 1)
INSERT [dbo].[Clientes] ([ClienteID], [Identificacion], [NombreCompleto], [Telefono], [Correo], [Direccion], [Estado]) VALUES (36, N'451865613', N'Nayda Kelly', N'22472475', N'lacus.Nulla.tincidunt@necurnasuscipit.net', N'Ontario', 0)
INSERT [dbo].[Clientes] ([ClienteID], [Identificacion], [NombreCompleto], [Telefono], [Correo], [Direccion], [Estado]) VALUES (37, N'180400495', N'Bertha Solis', N'25964789', N'sagittis.augue@tellus.net', N'AB', 1)
INSERT [dbo].[Clientes] ([ClienteID], [Identificacion], [NombreCompleto], [Telefono], [Correo], [Direccion], [Estado]) VALUES (38, N'785276376', N'Rudyard Mccarthy', N'41554147', N'et@vitae.ca', N'Ulster', 0)
INSERT [dbo].[Clientes] ([ClienteID], [Identificacion], [NombreCompleto], [Telefono], [Correo], [Direccion], [Estado]) VALUES (39, N'350989313', N'Audrey Stark', N'22461565', N'magnis@orciadipiscing.org', N'AB', 1)
INSERT [dbo].[Clientes] ([ClienteID], [Identificacion], [NombreCompleto], [Telefono], [Correo], [Direccion], [Estado]) VALUES (40, N'463010141', N'Stewart Austin', N'96050284', N'erat.nonummy@felisNullatempor.org', N'Henegouwen', 1)
INSERT [dbo].[Clientes] ([ClienteID], [Identificacion], [NombreCompleto], [Telefono], [Correo], [Direccion], [Estado]) VALUES (41, N'455416293', N'Hamish Randolph', N'93953196', N'molestie@velarcu.ca', N'L', 0)
INSERT [dbo].[Clientes] ([ClienteID], [Identificacion], [NombreCompleto], [Telefono], [Correo], [Direccion], [Estado]) VALUES (42, N'216476790', N'Kylan Baird', N'11175957', N'id.blandit@leoVivamusnibh.co.uk', N'O', 1)
INSERT [dbo].[Clientes] ([ClienteID], [Identificacion], [NombreCompleto], [Telefono], [Correo], [Direccion], [Estado]) VALUES (43, N'452318830', N'Ivor Lyons', N'64788449', N'faucibus@etipsum.ca', N'Bremen', 1)
INSERT [dbo].[Clientes] ([ClienteID], [Identificacion], [NombreCompleto], [Telefono], [Correo], [Direccion], [Estado]) VALUES (44, N'775194566', N'Jesse Gomez', N'56186841', N'Donec.nibh@Donecporttitor.co.uk', N'SP', 1)
INSERT [dbo].[Clientes] ([ClienteID], [Identificacion], [NombreCompleto], [Telefono], [Correo], [Direccion], [Estado]) VALUES (45, N'753974423', N'Sara Thomas', N'95355409', N'nisi.Aenean@duiSuspendisse.edu', N'JUN', 1)
INSERT [dbo].[Clientes] ([ClienteID], [Identificacion], [NombreCompleto], [Telefono], [Correo], [Direccion], [Estado]) VALUES (46, N'658959547', N'Chava Barron', N'86301708', N'ac.risus@placerat.org', N'Adana', 1)
INSERT [dbo].[Clientes] ([ClienteID], [Identificacion], [NombreCompleto], [Telefono], [Correo], [Direccion], [Estado]) VALUES (47, N'470697176', N'Joshua Gaines', N'29278077', N'Vivamus@tortordictumeu.net', N'VLG', 0)
INSERT [dbo].[Clientes] ([ClienteID], [Identificacion], [NombreCompleto], [Telefono], [Correo], [Direccion], [Estado]) VALUES (48, N'402121333', N'Russell Hancock', N'72081220', N'erat@libero.com', N'Mazowieckie', 0)
INSERT [dbo].[Clientes] ([ClienteID], [Identificacion], [NombreCompleto], [Telefono], [Correo], [Direccion], [Estado]) VALUES (49, N'365200530', N'Jakeem Randall', N'53361365', N'est@luctus.edu', N'Noord Holland', 1)
INSERT [dbo].[Clientes] ([ClienteID], [Identificacion], [NombreCompleto], [Telefono], [Correo], [Direccion], [Estado]) VALUES (50, N'764294968', N'Jamal Robinson', N'58457566', N'non.feugiat@ametloremsemper.co.uk', N'YAR', 0)
INSERT [dbo].[Clientes] ([ClienteID], [Identificacion], [NombreCompleto], [Telefono], [Correo], [Direccion], [Estado]) VALUES (51, N'489843663', N'Anika Forbes', N'83439338', N'Nunc.ac.sem@lobortisClassaptent.com', N'RJ', 0)
INSERT [dbo].[Clientes] ([ClienteID], [Identificacion], [NombreCompleto], [Telefono], [Correo], [Direccion], [Estado]) VALUES (52, N'247012451', N'Rhea Fuller', N'51207171', N'ultricies.ornare@sitametdiam.org', N'F', 1)
INSERT [dbo].[Clientes] ([ClienteID], [Identificacion], [NombreCompleto], [Telefono], [Correo], [Direccion], [Estado]) VALUES (53, N'823635737', N'Calvin Wall', N'95170329', N'nulla.magna.malesuada@Sedeu.edu', N'Uttar Pradesh', 0)
INSERT [dbo].[Clientes] ([ClienteID], [Identificacion], [NombreCompleto], [Telefono], [Correo], [Direccion], [Estado]) VALUES (54, N'489848419', N'Indira Merritt', N'67441289', N'aliquam.eros@lectusconvallis.ca', N'New South Wales', 0)
INSERT [dbo].[Clientes] ([ClienteID], [Identificacion], [NombreCompleto], [Telefono], [Correo], [Direccion], [Estado]) VALUES (55, N'284311259', N'Samantha Sharpe', N'84695164', N'dictum.magna@aliquetlobortis.net', N'PO', 0)
INSERT [dbo].[Clientes] ([ClienteID], [Identificacion], [NombreCompleto], [Telefono], [Correo], [Direccion], [Estado]) VALUES (56, N'105036401', N'Rae Nash', N'54354292', N'vitae.semper.egestas@viverra.co.uk', N'IL', 0)
INSERT [dbo].[Clientes] ([ClienteID], [Identificacion], [NombreCompleto], [Telefono], [Correo], [Direccion], [Estado]) VALUES (57, N'488572025', N'Neville Humphrey', N'23216408', N'in.dolor@maurissagittisplacerat.ca', N'M', 1)
INSERT [dbo].[Clientes] ([ClienteID], [Identificacion], [NombreCompleto], [Telefono], [Correo], [Direccion], [Estado]) VALUES (58, N'407089921', N'Kylie Mccoy', N'65078982', N'Cum.sociis@atarcu.co.uk', N'KS', 0)
INSERT [dbo].[Clientes] ([ClienteID], [Identificacion], [NombreCompleto], [Telefono], [Correo], [Direccion], [Estado]) VALUES (59, N'701476367', N'Grady Flowers', N'55959770', N'euismod.in@eratvel.co.uk', N'Rivers', 0)
INSERT [dbo].[Clientes] ([ClienteID], [Identificacion], [NombreCompleto], [Telefono], [Correo], [Direccion], [Estado]) VALUES (60, N'280826669', N'Fritz Roberson', N'27682367', N'massa.rutrum.magna@nonummyacfeugiat.org', N'Emilia-Romagna', 1)
INSERT [dbo].[Clientes] ([ClienteID], [Identificacion], [NombreCompleto], [Telefono], [Correo], [Direccion], [Estado]) VALUES (61, N'570784633', N'Quinn Holt', N'70880555', N'mauris.erat@nulla.com', N'VEN', 0)
INSERT [dbo].[Clientes] ([ClienteID], [Identificacion], [NombreCompleto], [Telefono], [Correo], [Direccion], [Estado]) VALUES (62, N'948831357', N'Micah Snyder', N'63919264', N'aliquam@eutelluseu.org', N'WB', 0)
INSERT [dbo].[Clientes] ([ClienteID], [Identificacion], [NombreCompleto], [Telefono], [Correo], [Direccion], [Estado]) VALUES (63, N'146661975', N'Clio Weber', N'65474174', N'augue@metus.org', N'MA', 1)
INSERT [dbo].[Clientes] ([ClienteID], [Identificacion], [NombreCompleto], [Telefono], [Correo], [Direccion], [Estado]) VALUES (64, N'749458835', N'Phoebe Mathis', N'89467510', N'cursus@Nullamlobortis.ca', N'L', 0)
INSERT [dbo].[Clientes] ([ClienteID], [Identificacion], [NombreCompleto], [Telefono], [Correo], [Direccion], [Estado]) VALUES (65, N'269243494', N'Armand Atkins', N'24070415', N'lorem.ut.aliquam@torquentper.edu', N'LAL', 0)
INSERT [dbo].[Clientes] ([ClienteID], [Identificacion], [NombreCompleto], [Telefono], [Correo], [Direccion], [Estado]) VALUES (66, N'179277770', N'Byron Sherman', N'55645268', N'elit.Etiam.laoreet@urnaNunc.com', N'PUG', 1)
INSERT [dbo].[Clientes] ([ClienteID], [Identificacion], [NombreCompleto], [Telefono], [Correo], [Direccion], [Estado]) VALUES (67, N'406357257', N'Dahlia Summers', N'19450920', N'vitae@feugiat.edu', N'Tyumen Oblast', 1)
INSERT [dbo].[Clientes] ([ClienteID], [Identificacion], [NombreCompleto], [Telefono], [Correo], [Direccion], [Estado]) VALUES (68, N'716168367', N'Aileen Blevins', N'79822534', N'nunc.sed@metusAliquam.com', N'QC', 0)
INSERT [dbo].[Clientes] ([ClienteID], [Identificacion], [NombreCompleto], [Telefono], [Correo], [Direccion], [Estado]) VALUES (69, N'168751844', N'Declan Lott', N'54633878', N'erat@quamdignissim.edu', N'Gyeonggi', 1)
INSERT [dbo].[Clientes] ([ClienteID], [Identificacion], [NombreCompleto], [Telefono], [Correo], [Direccion], [Estado]) VALUES (70, N'369788574', N'Desirae Stokes', N'50020104', N'eu@convallisdolor.net', N'CG', 1)
INSERT [dbo].[Clientes] ([ClienteID], [Identificacion], [NombreCompleto], [Telefono], [Correo], [Direccion], [Estado]) VALUES (71, N'516843405', N'Sawyer Waters', N'14527128', N'Nunc@consectetuereuismod.ca', N'Sindh', 0)
INSERT [dbo].[Clientes] ([ClienteID], [Identificacion], [NombreCompleto], [Telefono], [Correo], [Direccion], [Estado]) VALUES (72, N'866937989', N'Mara Olson', N'16297328', N'diam.Proin@mollisPhaselluslibero.edu', N'KY', 0)
INSERT [dbo].[Clientes] ([ClienteID], [Identificacion], [NombreCompleto], [Telefono], [Correo], [Direccion], [Estado]) VALUES (73, N'776137471', N'Hayley Cummings', N'70779188', N'nunc@ultricesiaculis.ca', N'WA', 1)
INSERT [dbo].[Clientes] ([ClienteID], [Identificacion], [NombreCompleto], [Telefono], [Correo], [Direccion], [Estado]) VALUES (74, N'672313608', N'Sophia Witt', N'20150875', N'lobortis@miDuis.co.uk', N'N.', 1)
INSERT [dbo].[Clientes] ([ClienteID], [Identificacion], [NombreCompleto], [Telefono], [Correo], [Direccion], [Estado]) VALUES (75, N'761250005', N'Hamish Fry', N'72236212', N'tempor@egestasAliquamfringilla.co.uk', N'Ist', 0)
INSERT [dbo].[Clientes] ([ClienteID], [Identificacion], [NombreCompleto], [Telefono], [Correo], [Direccion], [Estado]) VALUES (76, N'680763504', N'Alexis Fernandez', N'48414409', N'blandit@lectus.com', N'Alabama', 1)
INSERT [dbo].[Clientes] ([ClienteID], [Identificacion], [NombreCompleto], [Telefono], [Correo], [Direccion], [Estado]) VALUES (77, N'611206680', N'Ciara Rollins', N'96508536', N'dolor.quam@temporaugueac.ca', N'AB', 0)
INSERT [dbo].[Clientes] ([ClienteID], [Identificacion], [NombreCompleto], [Telefono], [Correo], [Direccion], [Estado]) VALUES (78, N'679176157', N'Kaye Chapman', N'60100725', N'Proin@sociisnatoquepenatibus.ca', N'Comunitat Valenciana', 0)
INSERT [dbo].[Clientes] ([ClienteID], [Identificacion], [NombreCompleto], [Telefono], [Correo], [Direccion], [Estado]) VALUES (79, N'163886784', N'Wanda Booker', N'18835195', N'eu@luctusfelispurus.org', N'CA', 0)
INSERT [dbo].[Clientes] ([ClienteID], [Identificacion], [NombreCompleto], [Telefono], [Correo], [Direccion], [Estado]) VALUES (80, N'884554740', N'Daphne Peck', N'26827001', N'dapibus@ridiculusmusAenean.org', N'Hgo', 0)
INSERT [dbo].[Clientes] ([ClienteID], [Identificacion], [NombreCompleto], [Telefono], [Correo], [Direccion], [Estado]) VALUES (81, N'919755773', N'Bryar Ramos', N'49962399', N'posuere.cubilia@imperdiet.edu', N'NI', 0)
INSERT [dbo].[Clientes] ([ClienteID], [Identificacion], [NombreCompleto], [Telefono], [Correo], [Direccion], [Estado]) VALUES (82, N'644763324', N'Nerea Baker', N'51789314', N'dolor@aceleifendvitae.net', N'OX', 1)
INSERT [dbo].[Clientes] ([ClienteID], [Identificacion], [NombreCompleto], [Telefono], [Correo], [Direccion], [Estado]) VALUES (83, N'666815750', N'Lucius Finch', N'30779391', N'nisl@eu.edu', N'Lombardia', 1)
INSERT [dbo].[Clientes] ([ClienteID], [Identificacion], [NombreCompleto], [Telefono], [Correo], [Direccion], [Estado]) VALUES (84, N'466408721', N'Arsenio Vaughn', N'49795835', N'Curae.Phasellus.ornare@a.ca', N'Oaxaca', 1)
INSERT [dbo].[Clientes] ([ClienteID], [Identificacion], [NombreCompleto], [Telefono], [Correo], [Direccion], [Estado]) VALUES (85, N'710352475', N'Chastity Carney', N'30121114', N'fringilla.est@inmolestietortor.org', N'Slaskie', 0)
INSERT [dbo].[Clientes] ([ClienteID], [Identificacion], [NombreCompleto], [Telefono], [Correo], [Direccion], [Estado]) VALUES (86, N'502349354', N'Ryder Vincent', N'95345190', N'faucibus.lectus@tellus.co.uk', N'LA', 0)
INSERT [dbo].[Clientes] ([ClienteID], [Identificacion], [NombreCompleto], [Telefono], [Correo], [Direccion], [Estado]) VALUES (87, N'850514698', N'Garrett Crosby', N'63908742', N'enim@habitant.edu', N'Andalucía', 0)
INSERT [dbo].[Clientes] ([ClienteID], [Identificacion], [NombreCompleto], [Telefono], [Correo], [Direccion], [Estado]) VALUES (88, N'639548679', N'Kirestin Matthews', N'16132639', N'imperdiet@quam.co.uk', N'Chi', 0)
INSERT [dbo].[Clientes] ([ClienteID], [Identificacion], [NombreCompleto], [Telefono], [Correo], [Direccion], [Estado]) VALUES (89, N'499308914', N'Camilla Blevins', N'13352849', N'imperdiet.erat.nonummy@egetdictum.com', N'Malopolskie', 0)
INSERT [dbo].[Clientes] ([ClienteID], [Identificacion], [NombreCompleto], [Telefono], [Correo], [Direccion], [Estado]) VALUES (90, N'539120342', N'Kyle Castillo', N'55543549', N'malesuada.malesuada@tristique.ca', N'Stockholms län', 1)
INSERT [dbo].[Clientes] ([ClienteID], [Identificacion], [NombreCompleto], [Telefono], [Correo], [Direccion], [Estado]) VALUES (91, N'283539010', N'Walker Padilla', N'34207523', N'Nunc@ipsum.com', N'BR', 1)
INSERT [dbo].[Clientes] ([ClienteID], [Identificacion], [NombreCompleto], [Telefono], [Correo], [Direccion], [Estado]) VALUES (92, N'501251413', N'Hollee Wynn', N'80951722', N'auctor.non.feugiat@Nunc.com', N'Antioquia', 1)
INSERT [dbo].[Clientes] ([ClienteID], [Identificacion], [NombreCompleto], [Telefono], [Correo], [Direccion], [Estado]) VALUES (93, N'634871311', N'McKenzie Barrett', N'43801703', N'quis.diam@Integer.net', N'Heredia', 1)
INSERT [dbo].[Clientes] ([ClienteID], [Identificacion], [NombreCompleto], [Telefono], [Correo], [Direccion], [Estado]) VALUES (94, N'267082196', N'Jordan Fitzpatrick', N'19237708', N'eu.tellus.Phasellus@acrisusMorbi.edu', N'Mexico City', 0)
INSERT [dbo].[Clientes] ([ClienteID], [Identificacion], [NombreCompleto], [Telefono], [Correo], [Direccion], [Estado]) VALUES (95, N'863423651', N'Liberty Massey', N'84792221', N'sem.ut.dolor@id.edu', N'Vienna', 1)
INSERT [dbo].[Clientes] ([ClienteID], [Identificacion], [NombreCompleto], [Telefono], [Correo], [Direccion], [Estado]) VALUES (96, N'743495220', N'Leonard Blackwell', N'93094324', N'tempor.lorem.eget@utsem.co.uk', N'OR', 0)
INSERT [dbo].[Clientes] ([ClienteID], [Identificacion], [NombreCompleto], [Telefono], [Correo], [Direccion], [Estado]) VALUES (97, N'550401800', N'Cyrus Hanson', N'12070362', N'fringilla.porttitor@euaugue.ca', N'North Island', 1)
INSERT [dbo].[Clientes] ([ClienteID], [Identificacion], [NombreCompleto], [Telefono], [Correo], [Direccion], [Estado]) VALUES (98, N'951123733', N'Louis Wilkinson', N'54375356', N'ligula@ipsumportaelit.edu', N'Quebec', 0)
INSERT [dbo].[Clientes] ([ClienteID], [Identificacion], [NombreCompleto], [Telefono], [Correo], [Direccion], [Estado]) VALUES (99, N'742232676', N'Jared Rose', N'42327654', N'conubia@Uttincidunt.edu', N'OH', 1)
INSERT [dbo].[Clientes] ([ClienteID], [Identificacion], [NombreCompleto], [Telefono], [Correo], [Direccion], [Estado]) VALUES (100, N'696218804', N'Melanie Burch', N'32177481', N'turpis@malesuada.com', N'British Columbia', 0)
INSERT [dbo].[Clientes] ([ClienteID], [Identificacion], [NombreCompleto], [Telefono], [Correo], [Direccion], [Estado]) VALUES (101, N'483772942', N'Berk Bartlett', N'87354940', N'nec.enim@Nunc.edu', N'LD', 1)
INSERT [dbo].[Clientes] ([ClienteID], [Identificacion], [NombreCompleto], [Telefono], [Correo], [Direccion], [Estado]) VALUES (102, N'659335304', N'Trevor Levy', N'70786472', N'dolor.elit@lectusjustoeu.net', N'Anambra', 1)
INSERT [dbo].[Clientes] ([ClienteID], [Identificacion], [NombreCompleto], [Telefono], [Correo], [Direccion], [Estado]) VALUES (103, N'894430393', N'Kato Carney', N'90052031', N'velit.justo@urnanecluctus.ca', N'Antioquia', 1)
INSERT [dbo].[Clientes] ([ClienteID], [Identificacion], [NombreCompleto], [Telefono], [Correo], [Direccion], [Estado]) VALUES (104, N'236608356', N'Noel Sharpe', N'26398151', N'ipsum@Utsemper.net', N'MD', 0)
INSERT [dbo].[Clientes] ([ClienteID], [Identificacion], [NombreCompleto], [Telefono], [Correo], [Direccion], [Estado]) VALUES (105, N'285447336', N'Rudyard Vance', N'36761113', N'velit.Pellentesque@sit.net', N'AB', 1)
INSERT [dbo].[Clientes] ([ClienteID], [Identificacion], [NombreCompleto], [Telefono], [Correo], [Direccion], [Estado]) VALUES (106, N'252996259', N'Lamar Santiago', N'11976092', N'bibendum.Donec@acliberonec.edu', N'Kaduna', 1)
INSERT [dbo].[Clientes] ([ClienteID], [Identificacion], [NombreCompleto], [Telefono], [Correo], [Direccion], [Estado]) VALUES (107, N'603164410', N'Salvador Herring', N'91067964', N'ut.dolor@dolorNulla.co.uk', N'Vlaams-Brabant', 1)
INSERT [dbo].[Clientes] ([ClienteID], [Identificacion], [NombreCompleto], [Telefono], [Correo], [Direccion], [Estado]) VALUES (108, N'635283914', N'Anika Kinney', N'46393893', N'eros@nasceturridiculusmus.edu', N'C', 0)
INSERT [dbo].[Clientes] ([ClienteID], [Identificacion], [NombreCompleto], [Telefono], [Correo], [Direccion], [Estado]) VALUES (109, N'320451829', N'Nasim Hayes', N'28272354', N'Cras.eu@Etiamligulatortor.net', N'Chiapas', 0)
INSERT [dbo].[Clientes] ([ClienteID], [Identificacion], [NombreCompleto], [Telefono], [Correo], [Direccion], [Estado]) VALUES (110, N'520449488', N'Seth Noel', N'30367174', N'libero@sedpedenec.org', N'West Bengal', 1)
INSERT [dbo].[Clientes] ([ClienteID], [Identificacion], [NombreCompleto], [Telefono], [Correo], [Direccion], [Estado]) VALUES (111, N'778298417', N'Eaton Underwood', N'56386573', N'a.enim@semper.edu', N'L', 1)
INSERT [dbo].[Clientes] ([ClienteID], [Identificacion], [NombreCompleto], [Telefono], [Correo], [Direccion], [Estado]) VALUES (112, N'644466468', N'Vivien Wong', N'88830319', N'semper.dui.lectus@orcitincidunt.co.uk', N'UP', 0)
INSERT [dbo].[Clientes] ([ClienteID], [Identificacion], [NombreCompleto], [Telefono], [Correo], [Direccion], [Estado]) VALUES (113, N'832815276', N'Kenyon Mcmillan', N'29023340', N'quam@euultrices.com', N'UMB', 0)
INSERT [dbo].[Clientes] ([ClienteID], [Identificacion], [NombreCompleto], [Telefono], [Correo], [Direccion], [Estado]) VALUES (114, N'973830179', N'Fuller Crane', N'32218757', N'natoque.penatibus.et@CuraeDonectincidunt.org', N'Antioquia', 0)
INSERT [dbo].[Clientes] ([ClienteID], [Identificacion], [NombreCompleto], [Telefono], [Correo], [Direccion], [Estado]) VALUES (115, N'217090884', N'Megan Hickman', N'10177271', N'pede.nonummy.ut@orci.org', N'Wie', 1)
INSERT [dbo].[Clientes] ([ClienteID], [Identificacion], [NombreCompleto], [Telefono], [Correo], [Direccion], [Estado]) VALUES (116, N'486480302', N'Baxter Durham', N'70148326', N'Sed.pharetra@mauris.edu', N'SO', 0)
INSERT [dbo].[Clientes] ([ClienteID], [Identificacion], [NombreCompleto], [Telefono], [Correo], [Direccion], [Estado]) VALUES (117, N'409183547', N'Stacy Mcneil', N'17881494', N'magna.Suspendisse@cursusluctus.net', N'Leinster', 0)
GO
INSERT [dbo].[Clientes] ([ClienteID], [Identificacion], [NombreCompleto], [Telefono], [Correo], [Direccion], [Estado]) VALUES (118, N'726656297', N'Bevis Harrell', N'94402165', N'arcu.Nunc@lectusNullam.org', N'Friuli-Venezia Giulia', 1)
INSERT [dbo].[Clientes] ([ClienteID], [Identificacion], [NombreCompleto], [Telefono], [Correo], [Direccion], [Estado]) VALUES (120, N'1', N'Bbb', N'123', N'saas', N'asdasd', 0)
INSERT [dbo].[Clientes] ([ClienteID], [Identificacion], [NombreCompleto], [Telefono], [Correo], [Direccion], [Estado]) VALUES (121, N'123456789', N'dsadsasad sdasda', N'4545545454', N'saasdadasd@sadsad.com', N'asdsadaasdsadsad', 0)
SET IDENTITY_INSERT [dbo].[Clientes] OFF
SET IDENTITY_INSERT [dbo].[TipoProducto] ON 

INSERT [dbo].[TipoProducto] ([TipoProductoID], [Tipo]) VALUES (1, N'Botella')
INSERT [dbo].[TipoProducto] ([TipoProductoID], [Tipo]) VALUES (2, N'Tapa')
INSERT [dbo].[TipoProducto] ([TipoProductoID], [Tipo]) VALUES (3, N'Otro')
SET IDENTITY_INSERT [dbo].[TipoProducto] OFF
SET IDENTITY_INSERT [dbo].[Productos] ON 

INSERT [dbo].[Productos] ([ProductoID], [CodigoProducto], [Nombre], [TipoProductoID], [Descripcion], [Imagen], [Estado]) VALUES (2, N'360MLGEN', N'360ml Generico', 1, N'Botella gen', NULL, 0)
INSERT [dbo].[Productos] ([ProductoID], [CodigoProducto], [Nombre], [TipoProductoID], [Descripcion], [Imagen], [Estado]) VALUES (3, N'500MLGEN', N'500ml Generico', 1, N'Botella gen', NULL, 1)
INSERT [dbo].[Productos] ([ProductoID], [CodigoProducto], [Nombre], [TipoProductoID], [Descripcion], [Imagen], [Estado]) VALUES (4, N'600MLGEN', N'600ml Generico', 1, N'Botella gen', NULL, 0)
INSERT [dbo].[Productos] ([ProductoID], [CodigoProducto], [Nombre], [TipoProductoID], [Descripcion], [Imagen], [Estado]) VALUES (5, N'360MLSPO', N'360ml Sport', 1, N'Botella sport', NULL, 1)
INSERT [dbo].[Productos] ([ProductoID], [CodigoProducto], [Nombre], [TipoProductoID], [Descripcion], [Imagen], [Estado]) VALUES (6, N'600MLSPO', N'600ml Sport', 1, N'Botella sport', NULL, 0)
INSERT [dbo].[Productos] ([ProductoID], [CodigoProducto], [Nombre], [TipoProductoID], [Descripcion], [Imagen], [Estado]) VALUES (7, N'500MLCUAD', N'500ml Cuadrado', 1, N'Botella cuadrada', NULL, 1)
INSERT [dbo].[Productos] ([ProductoID], [CodigoProducto], [Nombre], [TipoProductoID], [Descripcion], [Imagen], [Estado]) VALUES (8, N'600MLDP', N'600ml Cuadrado Dos Pinos', 1, N'Botella cuadrada dos pinos', NULL, 1)
INSERT [dbo].[Productos] ([ProductoID], [CodigoProducto], [Nombre], [TipoProductoID], [Descripcion], [Imagen], [Estado]) VALUES (9, N'1LTCUAD', N'1LT Cuadrado Dos Pinos', 1, N'Botella cuadrada dos pinos', NULL, 0)
INSERT [dbo].[Productos] ([ProductoID], [CodigoProducto], [Nombre], [TipoProductoID], [Descripcion], [Imagen], [Estado]) VALUES (10, N'TAP01', N'Tapa Negra', 2, N'Tapa negra', NULL, 0)
INSERT [dbo].[Productos] ([ProductoID], [CodigoProducto], [Nombre], [TipoProductoID], [Descripcion], [Imagen], [Estado]) VALUES (11, N'TAP02', N'Tapa Blanca', 2, N'Tapa blanca', NULL, 0)
INSERT [dbo].[Productos] ([ProductoID], [CodigoProducto], [Nombre], [TipoProductoID], [Descripcion], [Imagen], [Estado]) VALUES (12, N'TAP03', N'Tapa Naranja', 2, N'Tapa naranja', NULL, 0)
INSERT [dbo].[Productos] ([ProductoID], [CodigoProducto], [Nombre], [TipoProductoID], [Descripcion], [Imagen], [Estado]) VALUES (13, N'TAP04', N'Tapa Transparente', 2, N'Tapa transparente', NULL, 0)
INSERT [dbo].[Productos] ([ProductoID], [CodigoProducto], [Nombre], [TipoProductoID], [Descripcion], [Imagen], [Estado]) VALUES (14, N'wqewqew', N'qweqeqe', 2, N'qqqqqq', NULL, 0)
INSERT [dbo].[Productos] ([ProductoID], [CodigoProducto], [Nombre], [TipoProductoID], [Descripcion], [Imagen], [Estado]) VALUES (15, N'4454554', N'ghghgh', 2, N'jhhjhjjh', N'jjhhj', 0)
SET IDENTITY_INSERT [dbo].[Productos] OFF
SET IDENTITY_INSERT [dbo].[UnidadMedida] ON 

INSERT [dbo].[UnidadMedida] ([UnidadMedidaID], [Unidad]) VALUES (1, N'Unidades')
INSERT [dbo].[UnidadMedida] ([UnidadMedidaID], [Unidad]) VALUES (2, N'Kilogramos')
INSERT [dbo].[UnidadMedida] ([UnidadMedidaID], [Unidad]) VALUES (3, N'Tarimas')
INSERT [dbo].[UnidadMedida] ([UnidadMedidaID], [Unidad]) VALUES (4, N'Cajas')
INSERT [dbo].[UnidadMedida] ([UnidadMedidaID], [Unidad]) VALUES (5, N'Bolsas')
INSERT [dbo].[UnidadMedida] ([UnidadMedidaID], [Unidad]) VALUES (6, N'Otro')
SET IDENTITY_INSERT [dbo].[UnidadMedida] OFF
SET IDENTITY_INSERT [dbo].[Usuarios] ON 

INSERT [dbo].[Usuarios] ([UsuarioID], [Identificacion], [UserName], [Password], [NombreCompleto], [Telefono], [Correo], [Direccion], [Estado]) VALUES (1014, N'876543216', N'hansel', N'de4ad303211af5bd002b69d07ce48d1fd8b0b537f7fc34a285eca4d0dea6ac50', N'Hansel Murillo', N'875360236', N'hanse@hotmail.com', N'Heredia', 1)
INSERT [dbo].[Usuarios] ([UsuarioID], [Identificacion], [UserName], [Password], [NombreCompleto], [Telefono], [Correo], [Direccion], [Estado]) VALUES (1015, N'123456789', N'andres', N'259b77456afddaeb7dc27ce6c5f92cb3cfc6815eadeba5720e5c68f8f82e1d0e', N'Andres Rodriguez', N'86098503', N'andresrodrig10@hotmail.com', N'Santa', 1)
INSERT [dbo].[Usuarios] ([UsuarioID], [Identificacion], [UserName], [Password], [NombreCompleto], [Telefono], [Correo], [Direccion], [Estado]) VALUES (1019, N'5454545', N'abc', N'ff352d1e26e7a46b7de3d4fe03cffd5bb99dcc25c3338ccee05b344d97d04b8d', N'sddsa', N'55454', N'sdfsdfsfd@asd.com', N'asdfsfdd', 0)
INSERT [dbo].[Usuarios] ([UsuarioID], [Identificacion], [UserName], [Password], [NombreCompleto], [Telefono], [Correo], [Direccion], [Estado]) VALUES (1020, N'4554453659', N'andrespruebaroles', N'259b77456afddaeb7dc27ce6c5f92cb3cfc6815eadeba5720e5c68f8f82e1d0e', N'Nose sadasdsad', N'54554455454', N'asdsa@sadas.com', N'sdfdfsf', 1)
INSERT [dbo].[Usuarios] ([UsuarioID], [Identificacion], [UserName], [Password], [NombreCompleto], [Telefono], [Correo], [Direccion], [Estado]) VALUES (1021, N'5554546', N'sadjkakjads', N'259b77456afddaeb7dc27ce6c5f92cb3cfc6815eadeba5720e5c68f8f82e1d0e', N'asdasdada', N'5554554', N'asdasd@adsad.com', N'sdffsfsdf', 0)
SET IDENTITY_INSERT [dbo].[Usuarios] OFF
SET IDENTITY_INSERT [dbo].[Entregas] ON 

INSERT [dbo].[Entregas] ([EntregaID], [NumeroEntrega], [Fecha], [UnidadesEntregadas], [NumeroFactura], [Estado]) VALUES (3, N'456464', CAST(N'2020-07-15' AS Date), 256, N'4545', 1)
INSERT [dbo].[Entregas] ([EntregaID], [NumeroEntrega], [Fecha], [UnidadesEntregadas], [NumeroFactura], [Estado]) VALUES (4, N'565', CAST(N'2020-07-18' AS Date), 566556, N'56656', 0)
INSERT [dbo].[Entregas] ([EntregaID], [NumeroEntrega], [Fecha], [UnidadesEntregadas], [NumeroFactura], [Estado]) VALUES (5, N'adads', CAST(N'2020-07-10' AS Date), 45455555, N'566556', 1)
INSERT [dbo].[Entregas] ([EntregaID], [NumeroEntrega], [Fecha], [UnidadesEntregadas], [NumeroFactura], [Estado]) VALUES (6, N'45455445', CAST(N'2020-07-24' AS Date), 4545, N'55555', 0)
SET IDENTITY_INSERT [dbo].[Entregas] OFF
SET IDENTITY_INSERT [dbo].[TipoMaquina] ON 

INSERT [dbo].[TipoMaquina] ([TipoMaquinaID], [Tipo]) VALUES (1, N'Sopladora')
INSERT [dbo].[TipoMaquina] ([TipoMaquinaID], [Tipo]) VALUES (2, N'Inyectora')
INSERT [dbo].[TipoMaquina] ([TipoMaquinaID], [Tipo]) VALUES (4, N'Otro')
SET IDENTITY_INSERT [dbo].[TipoMaquina] OFF
SET IDENTITY_INSERT [dbo].[Maquinas] ON 

INSERT [dbo].[Maquinas] ([MaquinaID], [CodigoMaquina], [Nombre], [TipoMaquinaID], [Descripcion], [ProduccionHora], [Estado]) VALUES (12, N'SOPLADORA01', N'Sopladora Semiautomatica', 1, N'Sopladora de color rojo', N'1100', 1)
INSERT [dbo].[Maquinas] ([MaquinaID], [CodigoMaquina], [Nombre], [TipoMaquinaID], [Descripcion], [ProduccionHora], [Estado]) VALUES (13, N'SOPLADORA02', N'Sopladora manual', 1, N'Sopladora grande', N'1100', 1)
INSERT [dbo].[Maquinas] ([MaquinaID], [CodigoMaquina], [Nombre], [TipoMaquinaID], [Descripcion], [ProduccionHora], [Estado]) VALUES (14, N'INYECTORA01', N'Inyectora Alajuela', 2, N'Inyectora Alajuela', N'14000', 1)
INSERT [dbo].[Maquinas] ([MaquinaID], [CodigoMaquina], [Nombre], [TipoMaquinaID], [Descripcion], [ProduccionHora], [Estado]) VALUES (15, N'INYECTORA02', N'Inyectora heredia', 2, N'Inyectora Heredia', N'14000', 0)
INSERT [dbo].[Maquinas] ([MaquinaID], [CodigoMaquina], [Nombre], [TipoMaquinaID], [Descripcion], [ProduccionHora], [Estado]) VALUES (16, N'CORTADORA01', N'Cortadora alajuela', 1, N'Cortadora de tapass', N'2000', 1)
INSERT [dbo].[Maquinas] ([MaquinaID], [CodigoMaquina], [Nombre], [TipoMaquinaID], [Descripcion], [ProduccionHora], [Estado]) VALUES (17, N'aaaa', N'bbbbbb', 2, N'sdffsf', N'454554', 0)
SET IDENTITY_INSERT [dbo].[Maquinas] OFF
SET IDENTITY_INSERT [dbo].[Proveedor] ON 

INSERT [dbo].[Proveedor] ([ProveedorID], [CodigoProveedor], [Nombre], [Telefono], [Correo], [Direccion], [Estado]) VALUES (5, N'PROV01', N'Polykon', N'253657985', N'servicio@polykon.com', N'Heredia', 1)
INSERT [dbo].[Proveedor] ([ProveedorID], [CodigoProveedor], [Nombre], [Telefono], [Correo], [Direccion], [Estado]) VALUES (6, N'PROV02', N'Resinas', N'235685695', N'servicio@resinas.com', N'Alajuela', 0)
INSERT [dbo].[Proveedor] ([ProveedorID], [CodigoProveedor], [Nombre], [Telefono], [Correo], [Direccion], [Estado]) VALUES (7, N'PROV03', N'EPP', N'82632568', N'eppclientes@hotmail.com', N'Alajuela', 0)
INSERT [dbo].[Proveedor] ([ProveedorID], [CodigoProveedor], [Nombre], [Telefono], [Correo], [Direccion], [Estado]) VALUES (8, N'EMP04', N'Empaques plasticos', N'545545', N'empaquesplasticosclientes@gmail.com', N'Alajuela', 1)
INSERT [dbo].[Proveedor] ([ProveedorID], [CodigoProveedor], [Nombre], [Telefono], [Correo], [Direccion], [Estado]) VALUES (9, N'ssssssssssssss', N'sssssssssss', N'455454', N'asddaads', N'asdsadsa', 0)
SET IDENTITY_INSERT [dbo].[Proveedor] OFF
SET IDENTITY_INSERT [dbo].[TipoMateriaPrima] ON 

INSERT [dbo].[TipoMateriaPrima] ([TipoMateriaPrimaID], [Tipo]) VALUES (1, N'Preforma')
INSERT [dbo].[TipoMateriaPrima] ([TipoMateriaPrimaID], [Tipo]) VALUES (2, N'Resina')
INSERT [dbo].[TipoMateriaPrima] ([TipoMateriaPrimaID], [Tipo]) VALUES (3, N'Colorante')
INSERT [dbo].[TipoMateriaPrima] ([TipoMateriaPrimaID], [Tipo]) VALUES (4, N'Otro')
SET IDENTITY_INSERT [dbo].[TipoMateriaPrima] OFF
SET IDENTITY_INSERT [dbo].[MateriaPrima] ON 

INSERT [dbo].[MateriaPrima] ([MateriaPrimaID], [CodigoMateriaPrima], [Nombre], [ProveedorID], [TipoMateriaPrimaID], [UnidadMedidaID], [Cantidad], [PrecioUnitario], [PrecioTotal], [Descripcion], [Estado]) VALUES (4, N'PREF01', N'Preforma 410 10g R20mm', 5, 1, 1, 40000, 30.0000, 1200000.0000, N'Preforma nueva', 1)
INSERT [dbo].[MateriaPrima] ([MateriaPrimaID], [CodigoMateriaPrima], [Nombre], [ProveedorID], [TipoMateriaPrimaID], [UnidadMedidaID], [Cantidad], [PrecioUnitario], [PrecioTotal], [Descripcion], [Estado]) VALUES (5, N'PREF02', N'Preforma 410 21g R24mm', 5, 1, 1, 20000, 30.0000, 600000.0000, N'Preforma nueva 24mm', 1)
INSERT [dbo].[MateriaPrima] ([MateriaPrimaID], [CodigoMateriaPrima], [Nombre], [ProveedorID], [TipoMateriaPrimaID], [UnidadMedidaID], [Cantidad], [PrecioUnitario], [PrecioTotal], [Descripcion], [Estado]) VALUES (6, N'PREF03', N'Preforma 19.7 Transp x 15984', 5, 1, 1, 20000, 44.7100, 123456.0000, N'Preforma transp 19.7G', 1)
INSERT [dbo].[MateriaPrima] ([MateriaPrimaID], [CodigoMateriaPrima], [Nombre], [ProveedorID], [TipoMateriaPrimaID], [UnidadMedidaID], [Cantidad], [PrecioUnitario], [PrecioTotal], [Descripcion], [Estado]) VALUES (7, N'PREF04', N'Preforma 23.7 Transp x 15984', 5, 1, 1, 20000, 39.1800, 987654.0000, N'Preforma transp 23.7G', 1)
INSERT [dbo].[MateriaPrima] ([MateriaPrimaID], [CodigoMateriaPrima], [Nombre], [ProveedorID], [TipoMateriaPrimaID], [UnidadMedidaID], [Cantidad], [PrecioUnitario], [PrecioTotal], [Descripcion], [Estado]) VALUES (8, N'PREF04', N'Preforma PET 1881 17.6G Natural', 6, 2, 1, 2, 37.4400, 5445545.0000, N'Preforma 17.6g', 1)
INSERT [dbo].[MateriaPrima] ([MateriaPrimaID], [CodigoMateriaPrima], [Nombre], [ProveedorID], [TipoMateriaPrimaID], [UnidadMedidaID], [Cantidad], [PrecioUnitario], [PrecioTotal], [Descripcion], [Estado]) VALUES (9, N'RESI01', N'HDPE HI-2053', 6, 2, 1, 2, 37.4400, 5445545.0000, N'Resina Polietileno Alta densidad', 1)
INSERT [dbo].[MateriaPrima] ([MateriaPrimaID], [CodigoMateriaPrima], [Nombre], [ProveedorID], [TipoMateriaPrimaID], [UnidadMedidaID], [Cantidad], [PrecioUnitario], [PrecioTotal], [Descripcion], [Estado]) VALUES (10, N'aaaa', N'aaaaaaa', 6, 2, 2, 4554, 454.0000, 4545.0000, N'dsdasdd', 0)
SET IDENTITY_INSERT [dbo].[MateriaPrima] OFF
SET IDENTITY_INSERT [dbo].[VariablesMaquinaInyectora] ON 

INSERT [dbo].[VariablesMaquinaInyectora] ([VariablesMaquinaInyectoraID], [MaquinaID], [ProductoID], [MateriaPrimaPrincipalID], [MateriaPrimaSecundariaID], [MateriaPrimaTerciariaID], [CantidadPrimaPrincipal], [CantidadPrimaSecundaria], [CantidadPrimaTerciaria], [Estado]) VALUES (2, 15, 4, 9, NULL, NULL, 55555, NULL, NULL, 0)
INSERT [dbo].[VariablesMaquinaInyectora] ([VariablesMaquinaInyectoraID], [MaquinaID], [ProductoID], [MateriaPrimaPrincipalID], [MateriaPrimaSecundariaID], [MateriaPrimaTerciariaID], [CantidadPrimaPrincipal], [CantidadPrimaSecundaria], [CantidadPrimaTerciaria], [Estado]) VALUES (3, 15, 11, 9, NULL, NULL, 454, 4545, 4545, 0)
INSERT [dbo].[VariablesMaquinaInyectora] ([VariablesMaquinaInyectoraID], [MaquinaID], [ProductoID], [MateriaPrimaPrincipalID], [MateriaPrimaSecundariaID], [MateriaPrimaTerciariaID], [CantidadPrimaPrincipal], [CantidadPrimaSecundaria], [CantidadPrimaTerciaria], [Estado]) VALUES (4, 14, 11, 9, 9, NULL, 0, NULL, NULL, 1)
SET IDENTITY_INSERT [dbo].[VariablesMaquinaInyectora] OFF
SET IDENTITY_INSERT [dbo].[VariablesMaquinaSopladora] ON 

INSERT [dbo].[VariablesMaquinaSopladora] ([VariablesMaquinaSopladoraID], [MaquinaID], [ProductoID], [MateriaPrimaID], [RetardoPresoplado], [RetardoSoplado], [TiempoPresoplado], [TiempoRecuperacion], [TiempoSoplado], [TiempoEscape], [TiempoParoCadena], [TiempoSalidaPinzaPreforma], [FrecuenciaVentilador], [PresionEstirado], [Gancho], [Relay], [AnillosTornelas], [Estado], [Notas], [CantidadZonas], [CantidadBancos], [PosicionBanco1Zona1], [PosicionBanco1Zona2], [PosicionBanco1Zona3], [PosicionBanco1Zona4], [PosicionBanco2Zona1], [PosicionBanco2Zona2], [PosicionBanco2Zona3], [PosicionBanco2Zona4], [ValorBanco1Zona1], [ValorBanco1Zona2], [ValorBanco1Zona3], [ValorBanco1Zona4], [ValorBanco2Zona1], [ValorBanco2Zona2], [ValorBanco2Zona3], [ValorBanco2Zona4]) VALUES (2, 13, 6, 7, 4545, 45445445, 4554, 54, 4545, 45, 4545, 54545, 57, 55445, 1, 1, 1, 0, N'fdfdfd', 5, 5, N'5', N'5', N'5', N'5', N'5', N'5', N'5', N'5', 5, 5, 5, 5, 5, 5, 5, 5)
SET IDENTITY_INSERT [dbo].[VariablesMaquinaSopladora] OFF
SET IDENTITY_INSERT [dbo].[FichaTecnicaBotella] ON 

INSERT [dbo].[FichaTecnicaBotella] ([FichaTecnicaBotellaID], [ProductoID], [Altura], [DiametroMayor], [DiametroMenor], [DiametroCuello], [CapacidadVolumetrica], [Tolerancia], [ImagenCuerpo], [ImagenFondo], [Estado]) VALUES (2, 7, 5445, 55555, 45, 45, 5454, 45, NULL, NULL, 1)
INSERT [dbo].[FichaTecnicaBotella] ([FichaTecnicaBotellaID], [ProductoID], [Altura], [DiametroMayor], [DiametroMenor], [DiametroCuello], [CapacidadVolumetrica], [Tolerancia], [ImagenCuerpo], [ImagenFondo], [Estado]) VALUES (3, 10, 555, 55, 55, 55, 55, 55, NULL, NULL, 0)
INSERT [dbo].[FichaTecnicaBotella] ([FichaTecnicaBotellaID], [ProductoID], [Altura], [DiametroMayor], [DiametroMenor], [DiametroCuello], [CapacidadVolumetrica], [Tolerancia], [ImagenCuerpo], [ImagenFondo], [Estado]) VALUES (4, 3, 5, 5, 5, 5, 0, NULL, NULL, NULL, 1)
SET IDENTITY_INSERT [dbo].[FichaTecnicaBotella] OFF
SET IDENTITY_INSERT [dbo].[FichaTecnicaTapa] ON 

INSERT [dbo].[FichaTecnicaTapa] ([FichaTecnicaTapaID], [ProductoID], [PesoPieza], [Altura], [DiametroInterno], [DiametroExternoSelloOliva], [AlturaSelloOliva], [DiametroInternoBandaSeguridad], [EspesorPanel], [NumeroEstrias], [TorqueCierreRecomendado], [TorqueApertura], [Tolerancia], [Imagen], [Estado]) VALUES (3, 4, 54, 4, 5, 5, 5, 5, 5, 5, 54, 54, 454, NULL, 0)
INSERT [dbo].[FichaTecnicaTapa] ([FichaTecnicaTapaID], [ProductoID], [PesoPieza], [Altura], [DiametroInterno], [DiametroExternoSelloOliva], [AlturaSelloOliva], [DiametroInternoBandaSeguridad], [EspesorPanel], [NumeroEstrias], [TorqueCierreRecomendado], [TorqueApertura], [Tolerancia], [Imagen], [Estado]) VALUES (4, 3, 54, 454, 4554, 44545, 4545, 454, 4545, 545, 4545, 4545, 54554, NULL, 1)
SET IDENTITY_INSERT [dbo].[FichaTecnicaTapa] OFF
SET IDENTITY_INSERT [dbo].[Roles] ON 

INSERT [dbo].[Roles] ([RoleID], [RoleName]) VALUES (1, N'Administrador')
INSERT [dbo].[Roles] ([RoleID], [RoleName]) VALUES (2, N'Empleado')
SET IDENTITY_INSERT [dbo].[Roles] OFF
INSERT [dbo].[UsersInRoles] ([User_UserID], [Role_RoleID]) VALUES (1014, 1)
INSERT [dbo].[UsersInRoles] ([User_UserID], [Role_RoleID]) VALUES (1015, 1)
INSERT [dbo].[UsersInRoles] ([User_UserID], [Role_RoleID]) VALUES (1019, 1)
INSERT [dbo].[UsersInRoles] ([User_UserID], [Role_RoleID]) VALUES (1021, 1)
INSERT [dbo].[UsersInRoles] ([User_UserID], [Role_RoleID]) VALUES (1020, 2)
