USE [DIPREMA]
GO
SET IDENTITY_INSERT [dbo].[Roles] ON 

INSERT [dbo].[Roles] ([RoleID], [RoleName]) VALUES (1, N'Administrador')
INSERT [dbo].[Roles] ([RoleID], [RoleName]) VALUES (2, N'Empleado')
SET IDENTITY_INSERT [dbo].[Roles] OFF
SET IDENTITY_INSERT [dbo].[Usuarios] ON 

INSERT [dbo].[Usuarios] ([UsuarioID], [Identificacion], [UserName], [Password], [NombreCompleto], [Telefono], [Correo], [Direccion], [Estado]) VALUES (1014, N'876543216', N'hansel', N'de4ad303211af5bd002b69d07ce48d1fd8b0b537f7fc34a285eca4d0dea6ac50', N'Hansel Murillo', N'875360236', N'hanse@hotmail.com', N'Heredia', 1)
INSERT [dbo].[Usuarios] ([UsuarioID], [Identificacion], [UserName], [Password], [NombreCompleto], [Telefono], [Correo], [Direccion], [Estado]) VALUES (1015, N'123456789', N'andres', N'259b77456afddaeb7dc27ce6c5f92cb3cfc6815eadeba5720e5c68f8f82e1d0e', N'Andres Rodriguezz', N'86098503', N'andresrodrig10@hotmail.com', N'Santa', 1)
INSERT [dbo].[Usuarios] ([UsuarioID], [Identificacion], [UserName], [Password], [NombreCompleto], [Telefono], [Correo], [Direccion], [Estado]) VALUES (1027, N'123456789', N'bryan', N'259b77456afddaeb7dc27ce6c5f92cb3cfc6815eadeba5720e5c68f8f82e1d0e', N'Bryan Montiel', N'883625698', N'bryan@hotmail.com', N'Alajuela', 1)
SET IDENTITY_INSERT [dbo].[Usuarios] OFF
INSERT [dbo].[UsersInRoles] ([User_UserID], [Role_RoleID]) VALUES (1014, 1)
INSERT [dbo].[UsersInRoles] ([User_UserID], [Role_RoleID]) VALUES (1015, 1)
INSERT [dbo].[UsersInRoles] ([User_UserID], [Role_RoleID]) VALUES (1027, 2)
SET IDENTITY_INSERT [dbo].[TipoMaquina] ON 

INSERT [dbo].[TipoMaquina] ([TipoMaquinaID], [Tipo]) VALUES (1, N'Sopladora')
INSERT [dbo].[TipoMaquina] ([TipoMaquinaID], [Tipo]) VALUES (2, N'Inyectora')
INSERT [dbo].[TipoMaquina] ([TipoMaquinaID], [Tipo]) VALUES (4, N'Otro')
SET IDENTITY_INSERT [dbo].[TipoMaquina] OFF
SET IDENTITY_INSERT [dbo].[Maquinas] ON 

INSERT [dbo].[Maquinas] ([MaquinaID], [CodigoMaquina], [Nombre], [TipoMaquinaID], [Descripcion], [ProduccionHora], [Estado]) VALUES (12, N'SOPLADORA01', N'Sopladora Semiautomatica', 1, N'Sopladora de color rojo', N'1100', 1)
INSERT [dbo].[Maquinas] ([MaquinaID], [CodigoMaquina], [Nombre], [TipoMaquinaID], [Descripcion], [ProduccionHora], [Estado]) VALUES (13, N'SOPLADORA02', N'Sopladora manual', 1, N'Sopladora grande', N'1100', 1)
INSERT [dbo].[Maquinas] ([MaquinaID], [CodigoMaquina], [Nombre], [TipoMaquinaID], [Descripcion], [ProduccionHora], [Estado]) VALUES (14, N'INYECTORA01', N'Inyectora Alajuela', 2, N'Inyectora Alajuela', N'14000', 1)
INSERT [dbo].[Maquinas] ([MaquinaID], [CodigoMaquina], [Nombre], [TipoMaquinaID], [Descripcion], [ProduccionHora], [Estado]) VALUES (15, N'INYECTORA02', N'Inyectora heredia', 2, N'Inyectora Heredia', N'14000', 0)
INSERT [dbo].[Maquinas] ([MaquinaID], [CodigoMaquina], [Nombre], [TipoMaquinaID], [Descripcion], [ProduccionHora], [Estado]) VALUES (16, N'CORTADORA01', N'Cortadora alajuela', 1, N'Cortadora de tapass', N'2000', 1)
INSERT [dbo].[Maquinas] ([MaquinaID], [CodigoMaquina], [Nombre], [TipoMaquinaID], [Descripcion], [ProduccionHora], [Estado]) VALUES (17, N'aaaa', N'bbbbbb', 2, N'sdffsf', N'454554', 0)
INSERT [dbo].[Maquinas] ([MaquinaID], [CodigoMaquina], [Nombre], [TipoMaquinaID], [Descripcion], [ProduccionHora], [Estado]) VALUES (18, N'asasdd', N'dfdsads', 1, N'asddaasd', N'4545', 0)
SET IDENTITY_INSERT [dbo].[Maquinas] OFF
SET IDENTITY_INSERT [dbo].[TipoMateriaPrima] ON 

INSERT [dbo].[TipoMateriaPrima] ([TipoMateriaPrimaID], [Tipo]) VALUES (1, N'Preforma')
INSERT [dbo].[TipoMateriaPrima] ([TipoMateriaPrimaID], [Tipo]) VALUES (2, N'Resina')
INSERT [dbo].[TipoMateriaPrima] ([TipoMateriaPrimaID], [Tipo]) VALUES (3, N'Colorante')
INSERT [dbo].[TipoMateriaPrima] ([TipoMateriaPrimaID], [Tipo]) VALUES (4, N'Otro')
SET IDENTITY_INSERT [dbo].[TipoMateriaPrima] OFF
SET IDENTITY_INSERT [dbo].[UnidadMedida] ON 

INSERT [dbo].[UnidadMedida] ([UnidadMedidaID], [Unidad]) VALUES (1, N'Unidades')
INSERT [dbo].[UnidadMedida] ([UnidadMedidaID], [Unidad]) VALUES (2, N'Kilogramos')
INSERT [dbo].[UnidadMedida] ([UnidadMedidaID], [Unidad]) VALUES (3, N'Tarimas')
INSERT [dbo].[UnidadMedida] ([UnidadMedidaID], [Unidad]) VALUES (4, N'Cajas')
INSERT [dbo].[UnidadMedida] ([UnidadMedidaID], [Unidad]) VALUES (5, N'Bolsas')
INSERT [dbo].[UnidadMedida] ([UnidadMedidaID], [Unidad]) VALUES (6, N'Otro')
SET IDENTITY_INSERT [dbo].[UnidadMedida] OFF
SET IDENTITY_INSERT [dbo].[Proveedor] ON 

INSERT [dbo].[Proveedor] ([ProveedorID], [CodigoProveedor], [Nombre], [Telefono], [Correo], [Direccion], [Estado]) VALUES (5, N'PROV01', N'Polykon', N'253657985', N'servicio@polykon.com', N'Heredia', 1)
INSERT [dbo].[Proveedor] ([ProveedorID], [CodigoProveedor], [Nombre], [Telefono], [Correo], [Direccion], [Estado]) VALUES (6, N'PROV02', N'Resinas', N'235685695', N'servicio@resinas.com', N'Alajuela', 1)
INSERT [dbo].[Proveedor] ([ProveedorID], [CodigoProveedor], [Nombre], [Telefono], [Correo], [Direccion], [Estado]) VALUES (7, N'PROV03', N'EPP', N'82632568', N'eppclientes@hotmail.com', N'Alajuela', 1)
INSERT [dbo].[Proveedor] ([ProveedorID], [CodigoProveedor], [Nombre], [Telefono], [Correo], [Direccion], [Estado]) VALUES (8, N'EMP04', N'Empaques plasticoss', N'5455455', N'empaquesplasticosclientes@gmail.com', N'Alajuela', 1)
INSERT [dbo].[Proveedor] ([ProveedorID], [CodigoProveedor], [Nombre], [Telefono], [Correo], [Direccion], [Estado]) VALUES (9, N'ssssssssssssss', N'sssssssssss', N'455454', N'asddaads', N'asdsadsa', 0)
INSERT [dbo].[Proveedor] ([ProveedorID], [CodigoProveedor], [Nombre], [Telefono], [Correo], [Direccion], [Estado]) VALUES (10, N'44554', N'dsdsasasa', N'44554', N'asdffdsfds@sadas.com', N'adasdasd', 0)
SET IDENTITY_INSERT [dbo].[Proveedor] OFF
SET IDENTITY_INSERT [dbo].[MateriaPrima] ON 

INSERT [dbo].[MateriaPrima] ([MateriaPrimaID], [CodigoMateriaPrima], [Nombre], [ProveedorID], [TipoMateriaPrimaID], [UnidadMedidaID], [Cantidad], [PrecioUnitario], [PrecioTotal], [Descripcion], [Estado]) VALUES (4, N'PREF01', N'Preforma 410 10g R20mm', 5, 1, 1, 40000, 25.3600, 1200000.0000, N'Preforma nueva', 1)
INSERT [dbo].[MateriaPrima] ([MateriaPrimaID], [CodigoMateriaPrima], [Nombre], [ProveedorID], [TipoMateriaPrimaID], [UnidadMedidaID], [Cantidad], [PrecioUnitario], [PrecioTotal], [Descripcion], [Estado]) VALUES (5, N'PREF02', N'Preforma 410 21g R24mm', 5, 1, 1, 20000, 30.0000, 600000.0000, N'Preforma nueva 24mm', 1)
INSERT [dbo].[MateriaPrima] ([MateriaPrimaID], [CodigoMateriaPrima], [Nombre], [ProveedorID], [TipoMateriaPrimaID], [UnidadMedidaID], [Cantidad], [PrecioUnitario], [PrecioTotal], [Descripcion], [Estado]) VALUES (6, N'PREF03', N'Preforma 19.7 Transp x 15984', 5, 1, 1, 20000, 44.7100, 123456.0000, N'Preforma transp 19.7G', 1)
INSERT [dbo].[MateriaPrima] ([MateriaPrimaID], [CodigoMateriaPrima], [Nombre], [ProveedorID], [TipoMateriaPrimaID], [UnidadMedidaID], [Cantidad], [PrecioUnitario], [PrecioTotal], [Descripcion], [Estado]) VALUES (7, N'PREF04', N'Preforma 23.7 Transp x 15984', 5, 1, 1, 20000, 39.1800, 987654.0000, N'Preforma transp 23.7G', 1)
INSERT [dbo].[MateriaPrima] ([MateriaPrimaID], [CodigoMateriaPrima], [Nombre], [ProveedorID], [TipoMateriaPrimaID], [UnidadMedidaID], [Cantidad], [PrecioUnitario], [PrecioTotal], [Descripcion], [Estado]) VALUES (8, N'PREF04', N'Preforma PET 1881 17.6G Natural', 6, 2, 1, 2, 37.4400, 5445545.0000, N'Preforma 17.6g', 1)
INSERT [dbo].[MateriaPrima] ([MateriaPrimaID], [CodigoMateriaPrima], [Nombre], [ProveedorID], [TipoMateriaPrimaID], [UnidadMedidaID], [Cantidad], [PrecioUnitario], [PrecioTotal], [Descripcion], [Estado]) VALUES (9, N'RESI01', N'HDPE HI-2053', 6, 2, 1, 2, 37.4400, 5445545.0000, N'Resina Polietileno Alta densidad', 1)
INSERT [dbo].[MateriaPrima] ([MateriaPrimaID], [CodigoMateriaPrima], [Nombre], [ProveedorID], [TipoMateriaPrimaID], [UnidadMedidaID], [Cantidad], [PrecioUnitario], [PrecioTotal], [Descripcion], [Estado]) VALUES (10, N'aaaa', N'aaaaaaa', 6, 2, 2, 4554, 454.0000, 4545.0000, N'dsdasdd', 0)
SET IDENTITY_INSERT [dbo].[MateriaPrima] OFF
SET IDENTITY_INSERT [dbo].[TipoMerma] ON 

INSERT [dbo].[TipoMerma] ([TipoMermaID], [Tipo]) VALUES (1, N'Descuido operacional')
INSERT [dbo].[TipoMerma] ([TipoMermaID], [Tipo]) VALUES (2, N'Ajuste de máquina')
INSERT [dbo].[TipoMerma] ([TipoMermaID], [Tipo]) VALUES (3, N'Producto fuera especificación')
INSERT [dbo].[TipoMerma] ([TipoMermaID], [Tipo]) VALUES (4, N'Color fuera espeficicación')
SET IDENTITY_INSERT [dbo].[TipoMerma] OFF
SET IDENTITY_INSERT [dbo].[TipoProducto] ON 

INSERT [dbo].[TipoProducto] ([TipoProductoID], [Tipo]) VALUES (1, N'Botella')
INSERT [dbo].[TipoProducto] ([TipoProductoID], [Tipo]) VALUES (2, N'Tapa')
INSERT [dbo].[TipoProducto] ([TipoProductoID], [Tipo]) VALUES (3, N'Otro')
SET IDENTITY_INSERT [dbo].[TipoProducto] OFF
SET IDENTITY_INSERT [dbo].[Productos] ON 

INSERT [dbo].[Productos] ([ProductoID], [CodigoProducto], [Nombre], [TipoProductoID], [Descripcion], [Imagen], [Estado]) VALUES (2, N'360MLGEN', N'360ml Generico', 1, N'Botella gen', NULL, 0)
INSERT [dbo].[Productos] ([ProductoID], [CodigoProducto], [Nombre], [TipoProductoID], [Descripcion], [Imagen], [Estado]) VALUES (3, N'500MLGEN', N'500ml Generico', 1, N'Botella gen', NULL, 1)
INSERT [dbo].[Productos] ([ProductoID], [CodigoProducto], [Nombre], [TipoProductoID], [Descripcion], [Imagen], [Estado]) VALUES (4, N'600MLGEN', N'600ml Generico', 1, N'Botella gen', NULL, 0)
INSERT [dbo].[Productos] ([ProductoID], [CodigoProducto], [Nombre], [TipoProductoID], [Descripcion], [Imagen], [Estado]) VALUES (5, N'360MLSPO', N'360ml Sport', 1, N'Botella sport', NULL, 1)
INSERT [dbo].[Productos] ([ProductoID], [CodigoProducto], [Nombre], [TipoProductoID], [Descripcion], [Imagen], [Estado]) VALUES (6, N'600MLSPO', N'600ml Sport', 1, N'Botella sport', NULL, 0)
INSERT [dbo].[Productos] ([ProductoID], [CodigoProducto], [Nombre], [TipoProductoID], [Descripcion], [Imagen], [Estado]) VALUES (7, N'500MLCUAD', N'500ml Cuadrado', 1, N'Botella cuadrada', NULL, 1)
INSERT [dbo].[Productos] ([ProductoID], [CodigoProducto], [Nombre], [TipoProductoID], [Descripcion], [Imagen], [Estado]) VALUES (8, N'600MLDP', N'600ml Cuadrado Dos Pinos', 1, N'Botella cuadrada dos pinos', NULL, 1)
INSERT [dbo].[Productos] ([ProductoID], [CodigoProducto], [Nombre], [TipoProductoID], [Descripcion], [Imagen], [Estado]) VALUES (9, N'1LTCUAD', N'1LT Cuadrado Dos Pinos', 1, N'Botella cuadrada dos pinos', NULL, 0)
INSERT [dbo].[Productos] ([ProductoID], [CodigoProducto], [Nombre], [TipoProductoID], [Descripcion], [Imagen], [Estado]) VALUES (10, N'TAP01', N'Tapa Negra', 2, N'Tapa negra', NULL, 0)
INSERT [dbo].[Productos] ([ProductoID], [CodigoProducto], [Nombre], [TipoProductoID], [Descripcion], [Imagen], [Estado]) VALUES (11, N'TAP02', N'Tapa Blanca', 2, N'Tapa blanca', NULL, 0)
INSERT [dbo].[Productos] ([ProductoID], [CodigoProducto], [Nombre], [TipoProductoID], [Descripcion], [Imagen], [Estado]) VALUES (12, N'TAP03', N'Tapa Naranja', 2, N'Tapa naranja', NULL, 0)
INSERT [dbo].[Productos] ([ProductoID], [CodigoProducto], [Nombre], [TipoProductoID], [Descripcion], [Imagen], [Estado]) VALUES (13, N'TAP04', N'Tapa Transparente', 2, N'Tapa transparente', NULL, 0)
INSERT [dbo].[Productos] ([ProductoID], [CodigoProducto], [Nombre], [TipoProductoID], [Descripcion], [Imagen], [Estado]) VALUES (14, N'wqewqew', N'qweqeqe', 2, N'qqqqqq', NULL, 0)
INSERT [dbo].[Productos] ([ProductoID], [CodigoProducto], [Nombre], [TipoProductoID], [Descripcion], [Imagen], [Estado]) VALUES (15, N'4454554', N'ghghgh', 2, N'jhhjhjjh', NULL, 0)
INSERT [dbo].[Productos] ([ProductoID], [CodigoProducto], [Nombre], [TipoProductoID], [Descripcion], [Imagen], [Estado]) VALUES (16, N'TAP01', N'Tapa Roja', 2, N'Nose', NULL, 1)
INSERT [dbo].[Productos] ([ProductoID], [CodigoProducto], [Nombre], [TipoProductoID], [Descripcion], [Imagen], [Estado]) VALUES (17, N'455445', N'sdasddsa', 1, N'sdssad', NULL, 1)
INSERT [dbo].[Productos] ([ProductoID], [CodigoProducto], [Nombre], [TipoProductoID], [Descripcion], [Imagen], [Estado]) VALUES (18, N'dsfsf', N'sdfsfd', 2, N'sdfsd', NULL, 0)
INSERT [dbo].[Productos] ([ProductoID], [CodigoProducto], [Nombre], [TipoProductoID], [Descripcion], [Imagen], [Estado]) VALUES (19, N'prub', N'sadad', 1, N'asddsaas', NULL, 0)
INSERT [dbo].[Productos] ([ProductoID], [CodigoProducto], [Nombre], [TipoProductoID], [Descripcion], [Imagen], [Estado]) VALUES (20, N'6565', N'Botella Locales', 3, N'Lorem Ipsum es ', NULL, 1)
INSERT [dbo].[Productos] ([ProductoID], [CodigoProducto], [Nombre], [TipoProductoID], [Descripcion], [Imagen], [Estado]) VALUES (21, N'25545', N'Botella Máximo', 2, N'Lorem Ipsum es simple', NULL, 1)
INSERT [dbo].[Productos] ([ProductoID], [CodigoProducto], [Nombre], [TipoProductoID], [Descripcion], [Imagen], [Estado]) VALUES (22, N'3445', N'áurea Botella', 3, N'Lorem Ipsum es simple', NULL, 1)
INSERT [dbo].[Productos] ([ProductoID], [CodigoProducto], [Nombre], [TipoProductoID], [Descripcion], [Imagen], [Estado]) VALUES (23, N'44545', N'Resultado Botella', 3, N'Lorem Ipsum es simple', NULL, 1)
INSERT [dbo].[Productos] ([ProductoID], [CodigoProducto], [Nombre], [TipoProductoID], [Descripcion], [Imagen], [Estado]) VALUES (24, N'5545', N'Botella Tempo', 1, N'Lorem Ipsum es simple', NULL, 1)
INSERT [dbo].[Productos] ([ProductoID], [CodigoProducto], [Nombre], [TipoProductoID], [Descripcion], [Imagen], [Estado]) VALUES (25, N'6554', N'Tapa Sucualentas', 3, N'Lorem Ipsum es simple', NULL, 1)
INSERT [dbo].[Productos] ([ProductoID], [CodigoProducto], [Nombre], [TipoProductoID], [Descripcion], [Imagen], [Estado]) VALUES (26, N'7554', N'Tapa Timer', 2, N'Lorem Ipsum es simple', NULL, 1)
INSERT [dbo].[Productos] ([ProductoID], [CodigoProducto], [Nombre], [TipoProductoID], [Descripcion], [Imagen], [Estado]) VALUES (27, N'85445', N'Tapa Aluminios', 2, N'Lorem Ipsum es simple', NULL, 1)
INSERT [dbo].[Productos] ([ProductoID], [CodigoProducto], [Nombre], [TipoProductoID], [Descripcion], [Imagen], [Estado]) VALUES (28, N'9554', N'Tapa Flexión', 2, N'Lorem Ipsum es simple', NULL, 1)
INSERT [dbo].[Productos] ([ProductoID], [CodigoProducto], [Nombre], [TipoProductoID], [Descripcion], [Imagen], [Estado]) VALUES (29, N'10456', N'Clásica Tapa', 2, N'Lorem Ipsum es simple', N'~/Archivos/Productos/36236401_822453698034397_3111091124572258304_n20205310364.jpg', 1)
INSERT [dbo].[Productos] ([ProductoID], [CodigoProducto], [Nombre], [TipoProductoID], [Descripcion], [Imagen], [Estado]) VALUES (30, N'114545', N'óptima Tapa', 3, N'Lorem Ipsum es simple', NULL, 1)
INSERT [dbo].[Productos] ([ProductoID], [CodigoProducto], [Nombre], [TipoProductoID], [Descripcion], [Imagen], [Estado]) VALUES (31, N'125445', N'Sepia Tapa', 2, N'Lorem Ipsum es simple', NULL, 1)
INSERT [dbo].[Productos] ([ProductoID], [CodigoProducto], [Nombre], [TipoProductoID], [Descripcion], [Imagen], [Estado]) VALUES (32, N'135454', N'Perfil Galon', 1, N'Lorem Ipsum es simple', NULL, 1)
INSERT [dbo].[Productos] ([ProductoID], [CodigoProducto], [Nombre], [TipoProductoID], [Descripcion], [Imagen], [Estado]) VALUES (33, N'145445', N'Galon Entornos', 2, N'Lorem Ipsum es simple', NULL, 1)
INSERT [dbo].[Productos] ([ProductoID], [CodigoProducto], [Nombre], [TipoProductoID], [Descripcion], [Imagen], [Estado]) VALUES (34, N'1554545', N'Galon Fashionistas', 3, N'Lorem Ipsum es simple', NULL, 1)
INSERT [dbo].[Productos] ([ProductoID], [CodigoProducto], [Nombre], [TipoProductoID], [Descripcion], [Imagen], [Estado]) VALUES (35, N'164545', N'Barrera Galon', 3, N'Lorem Ipsum es simple', NULL, 1)
INSERT [dbo].[Productos] ([ProductoID], [CodigoProducto], [Nombre], [TipoProductoID], [Descripcion], [Imagen], [Estado]) VALUES (36, N'17555', N'Mútuos Galon', 3, N'Lorem Ipsum es simple', NULL, 1)
INSERT [dbo].[Productos] ([ProductoID], [CodigoProducto], [Nombre], [TipoProductoID], [Descripcion], [Imagen], [Estado]) VALUES (37, N'185445', N'Galon Historia', 1, N'Lorem Ipsum es simple', NULL, 1)
INSERT [dbo].[Productos] ([ProductoID], [CodigoProducto], [Nombre], [TipoProductoID], [Descripcion], [Imagen], [Estado]) VALUES (38, N'194554', N'Galon Florales', 2, N'Lorem Ipsum es simple', NULL, 1)
INSERT [dbo].[Productos] ([ProductoID], [CodigoProducto], [Nombre], [TipoProductoID], [Descripcion], [Imagen], [Estado]) VALUES (39, N'205445', N'Galon Burbujas', 3, N'Lorem Ipsum es simple', NULL, 1)
INSERT [dbo].[Productos] ([ProductoID], [CodigoProducto], [Nombre], [TipoProductoID], [Descripcion], [Imagen], [Estado]) VALUES (40, N'4454554', N'noseas', 1, N'asdsadds', NULL, 1)
SET IDENTITY_INSERT [dbo].[Productos] OFF
SET IDENTITY_INSERT [dbo].[Clientes] ON 

INSERT [dbo].[Clientes] ([ClienteID], [Identificacion], [NombreCompleto], [Telefono], [Correo], [Direccion], [Estado]) VALUES (19, N'610830605', N'Keiko Gordon', N'18476598', N'interdum@CurabiturmassaVestibulum.com', N'Uttar Pradesh', 1)
INSERT [dbo].[Clientes] ([ClienteID], [Identificacion], [NombreCompleto], [Telefono], [Correo], [Direccion], [Estado]) VALUES (20, N'497650452', N'Quyn Velez', N'11975833', N'enim.nisl.elementum@atpretiumaliquet.edu', N'LEN', 1)
INSERT [dbo].[Clientes] ([ClienteID], [Identificacion], [NombreCompleto], [Telefono], [Correo], [Direccion], [Estado]) VALUES (21, N'592833739', N'Micah Kirby', N'62235186', N'consequat.auctor.nunc@odiovelest.org', N'Vienna', 1)
INSERT [dbo].[Clientes] ([ClienteID], [Identificacion], [NombreCompleto], [Telefono], [Correo], [Direccion], [Estado]) VALUES (22, N'520658421', N'Sasha Ratliff', N'44527822', N'adipiscing@dictummagnaUt.com', N'TX', 0)
INSERT [dbo].[Clientes] ([ClienteID], [Identificacion], [NombreCompleto], [Telefono], [Correo], [Direccion], [Estado]) VALUES (23, N'429077125', N'McKenzie Cole', N'48944039', N'dui.in@odioEtiamligula.co.uk', N'Maharastra', 0)
INSERT [dbo].[Clientes] ([ClienteID], [Identificacion], [NombreCompleto], [Telefono], [Correo], [Direccion], [Estado]) VALUES (24, N'902681159', N'Naomi Adams', N'38191805', N'non.dui.nec@scelerisquedui.com', N'SJ', 0)
INSERT [dbo].[Clientes] ([ClienteID], [Identificacion], [NombreCompleto], [Telefono], [Correo], [Direccion], [Estado]) VALUES (25, N'117893803', N'Travis Mccluree', N'89091848', N'cursus@Aliquamadipiscinglobortis.ca', N'RM', 0)
INSERT [dbo].[Clientes] ([ClienteID], [Identificacion], [NombreCompleto], [Telefono], [Correo], [Direccion], [Estado]) VALUES (26, N'380928797', N'Clinton Hines', N'63883206', N'non.ante@velitSed.edu', N'Vienna', 1)
INSERT [dbo].[Clientes] ([ClienteID], [Identificacion], [NombreCompleto], [Telefono], [Correo], [Direccion], [Estado]) VALUES (27, N'783718392', N'Guy Bolton', N'69298809', N'feugiat.non@aliquamarcu.net', N'SMO', 1)
INSERT [dbo].[Clientes] ([ClienteID], [Identificacion], [NombreCompleto], [Telefono], [Correo], [Direccion], [Estado]) VALUES (28, N'642211165', N'Jenna Kerr', N'28189291', N'tortor.at.risus@Nunc.org', N'HH', 1)
INSERT [dbo].[Clientes] ([ClienteID], [Identificacion], [NombreCompleto], [Telefono], [Correo], [Direccion], [Estado]) VALUES (29, N'185552204', N'Forrest Santiago', N'79243979', N'elit.Aliquam.auctor@ProinmiAliquam.edu', N'Cantabria', 0)
INSERT [dbo].[Clientes] ([ClienteID], [Identificacion], [NombreCompleto], [Telefono], [Correo], [Direccion], [Estado]) VALUES (30, N'766323821', N'Griffith Griffin', N'96374699', N'enim@vitaediamProin.ca', N'RJ', 0)
INSERT [dbo].[Clientes] ([ClienteID], [Identificacion], [NombreCompleto], [Telefono], [Correo], [Direccion], [Estado]) VALUES (31, N'675994098', N'Casey Mann', N'75957155', N'rutrum.magna@pretiumaliquet.org', N'Diyarbakir', 1)
INSERT [dbo].[Clientes] ([ClienteID], [Identificacion], [NombreCompleto], [Telefono], [Correo], [Direccion], [Estado]) VALUES (32, N'731865605', N'Marshall Rodriquez', N'14903003', N'eget.mollis.lectus@mattis.co.uk', N'HB', 1)
INSERT [dbo].[Clientes] ([ClienteID], [Identificacion], [NombreCompleto], [Telefono], [Correo], [Direccion], [Estado]) VALUES (33, N'919047907', N'Catherine Pugh', N'90040560', N'inceptos.hymenaeos.Mauris@orciin.co.uk', N'Östergötlands län', 1)
INSERT [dbo].[Clientes] ([ClienteID], [Identificacion], [NombreCompleto], [Telefono], [Correo], [Direccion], [Estado]) VALUES (34, N'691613792', N'Naomi Silva', N'40038551', N'Donec.felis.orci@Aeneanegetmagna.co.uk', N'SI', 1)
INSERT [dbo].[Clientes] ([ClienteID], [Identificacion], [NombreCompleto], [Telefono], [Correo], [Direccion], [Estado]) VALUES (35, N'829472934', N'Stephen Fitzpatrick', N'11021889', N'mollis.vitae@fringilla.org', N'South Kalimantan', 1)
INSERT [dbo].[Clientes] ([ClienteID], [Identificacion], [NombreCompleto], [Telefono], [Correo], [Direccion], [Estado]) VALUES (36, N'451865613', N'Nayda Kelly', N'22472475', N'lacus.Nulla.tincidunt@necurnasuscipit.net', N'Ontario', 0)
INSERT [dbo].[Clientes] ([ClienteID], [Identificacion], [NombreCompleto], [Telefono], [Correo], [Direccion], [Estado]) VALUES (37, N'180400495', N'Bertha Solis', N'25964789', N'sagittis.augue@tellus.net', N'AB', 1)
INSERT [dbo].[Clientes] ([ClienteID], [Identificacion], [NombreCompleto], [Telefono], [Correo], [Direccion], [Estado]) VALUES (38, N'785276376', N'Rudyard Mccarthy', N'41554147', N'et@vitae.ca', N'Ulster', 0)
INSERT [dbo].[Clientes] ([ClienteID], [Identificacion], [NombreCompleto], [Telefono], [Correo], [Direccion], [Estado]) VALUES (39, N'350989313', N'Audrey Stark', N'22461565', N'magnis@orciadipiscing.org', N'AB', 1)
INSERT [dbo].[Clientes] ([ClienteID], [Identificacion], [NombreCompleto], [Telefono], [Correo], [Direccion], [Estado]) VALUES (40, N'463010141', N'Stewart Austin', N'96050284', N'erat.nonummy@felisNullatempor.org', N'Henegouwen', 1)
INSERT [dbo].[Clientes] ([ClienteID], [Identificacion], [NombreCompleto], [Telefono], [Correo], [Direccion], [Estado]) VALUES (41, N'455416293', N'Hamish Randolph', N'93953196', N'molestie@velarcu.ca', N'L', 0)
INSERT [dbo].[Clientes] ([ClienteID], [Identificacion], [NombreCompleto], [Telefono], [Correo], [Direccion], [Estado]) VALUES (42, N'216476790', N'Kylan Baird', N'11175957', N'id.blandit@leoVivamusnibh.co.uk', N'O', 1)
INSERT [dbo].[Clientes] ([ClienteID], [Identificacion], [NombreCompleto], [Telefono], [Correo], [Direccion], [Estado]) VALUES (43, N'452318830', N'Ivor Lyons', N'64788449', N'faucibus@etipsum.ca', N'Bremen', 1)
INSERT [dbo].[Clientes] ([ClienteID], [Identificacion], [NombreCompleto], [Telefono], [Correo], [Direccion], [Estado]) VALUES (44, N'775194566', N'Jesse Gomez', N'56186841', N'Donec.nibh@Donecporttitor.co.uk', N'SP', 1)
INSERT [dbo].[Clientes] ([ClienteID], [Identificacion], [NombreCompleto], [Telefono], [Correo], [Direccion], [Estado]) VALUES (45, N'753974423', N'Sara Thomas', N'95355409', N'nisi.Aenean@duiSuspendisse.edu', N'JUN', 1)
INSERT [dbo].[Clientes] ([ClienteID], [Identificacion], [NombreCompleto], [Telefono], [Correo], [Direccion], [Estado]) VALUES (46, N'658959547', N'Chava Barron', N'86301708', N'ac.risus@placerat.org', N'Adana', 1)
INSERT [dbo].[Clientes] ([ClienteID], [Identificacion], [NombreCompleto], [Telefono], [Correo], [Direccion], [Estado]) VALUES (47, N'470697176', N'Joshua Gaines', N'29278077', N'Vivamus@tortordictumeu.net', N'VLG', 0)
INSERT [dbo].[Clientes] ([ClienteID], [Identificacion], [NombreCompleto], [Telefono], [Correo], [Direccion], [Estado]) VALUES (48, N'402121333', N'Russell Hancock', N'72081220', N'erat@libero.com', N'Mazowieckie', 0)
INSERT [dbo].[Clientes] ([ClienteID], [Identificacion], [NombreCompleto], [Telefono], [Correo], [Direccion], [Estado]) VALUES (49, N'365200530', N'Jakeem Randall', N'53361365', N'est@luctus.edu', N'Noord Holland', 1)
INSERT [dbo].[Clientes] ([ClienteID], [Identificacion], [NombreCompleto], [Telefono], [Correo], [Direccion], [Estado]) VALUES (50, N'764294968', N'Jamal Robinson', N'58457566', N'non.feugiat@ametloremsemper.co.uk', N'YAR', 0)
INSERT [dbo].[Clientes] ([ClienteID], [Identificacion], [NombreCompleto], [Telefono], [Correo], [Direccion], [Estado]) VALUES (51, N'489843663', N'Anika Forbes', N'83439338', N'Nunc.ac.sem@lobortisClassaptent.com', N'RJ', 0)
INSERT [dbo].[Clientes] ([ClienteID], [Identificacion], [NombreCompleto], [Telefono], [Correo], [Direccion], [Estado]) VALUES (52, N'247012451', N'Rhea Fuller', N'51207171', N'ultricies.ornare@sitametdiam.org', N'F', 1)
INSERT [dbo].[Clientes] ([ClienteID], [Identificacion], [NombreCompleto], [Telefono], [Correo], [Direccion], [Estado]) VALUES (53, N'823635737', N'Calvin Wall', N'95170329', N'nulla.magna.malesuada@Sedeu.edu', N'Uttar Pradesh', 0)
INSERT [dbo].[Clientes] ([ClienteID], [Identificacion], [NombreCompleto], [Telefono], [Correo], [Direccion], [Estado]) VALUES (54, N'489848419', N'Indira Merritt', N'67441289', N'aliquam.eros@lectusconvallis.ca', N'New South Wales', 0)
INSERT [dbo].[Clientes] ([ClienteID], [Identificacion], [NombreCompleto], [Telefono], [Correo], [Direccion], [Estado]) VALUES (55, N'284311259', N'Samantha Sharpe', N'84695164', N'dictum.magna@aliquetlobortis.net', N'PO', 0)
INSERT [dbo].[Clientes] ([ClienteID], [Identificacion], [NombreCompleto], [Telefono], [Correo], [Direccion], [Estado]) VALUES (56, N'105036401', N'Rae Nash', N'54354292', N'vitae.semper.egestas@viverra.co.uk', N'IL', 0)
INSERT [dbo].[Clientes] ([ClienteID], [Identificacion], [NombreCompleto], [Telefono], [Correo], [Direccion], [Estado]) VALUES (57, N'488572025', N'Neville Humphrey', N'23216408', N'in.dolor@maurissagittisplacerat.ca', N'M', 1)
INSERT [dbo].[Clientes] ([ClienteID], [Identificacion], [NombreCompleto], [Telefono], [Correo], [Direccion], [Estado]) VALUES (58, N'407089921', N'Kylie Mccoy', N'65078982', N'Cum.sociis@atarcu.co.uk', N'KS', 0)
INSERT [dbo].[Clientes] ([ClienteID], [Identificacion], [NombreCompleto], [Telefono], [Correo], [Direccion], [Estado]) VALUES (59, N'701476367', N'Grady Flowers', N'55959770', N'euismod.in@eratvel.co.uk', N'Rivers', 0)
INSERT [dbo].[Clientes] ([ClienteID], [Identificacion], [NombreCompleto], [Telefono], [Correo], [Direccion], [Estado]) VALUES (60, N'280826669', N'Fritz Roberson', N'27682367', N'massa.rutrum.magna@nonummyacfeugiat.org', N'Emilia-Romagna', 1)
INSERT [dbo].[Clientes] ([ClienteID], [Identificacion], [NombreCompleto], [Telefono], [Correo], [Direccion], [Estado]) VALUES (61, N'570784633', N'Quinn Holt', N'70880555', N'mauris.erat@nulla.com', N'VEN', 0)
INSERT [dbo].[Clientes] ([ClienteID], [Identificacion], [NombreCompleto], [Telefono], [Correo], [Direccion], [Estado]) VALUES (62, N'948831357', N'Micah Snyder', N'63919264', N'aliquam@eutelluseu.org', N'WB', 0)
INSERT [dbo].[Clientes] ([ClienteID], [Identificacion], [NombreCompleto], [Telefono], [Correo], [Direccion], [Estado]) VALUES (63, N'146661975', N'Clio Weber', N'65474174', N'augue@metus.org', N'MA', 1)
INSERT [dbo].[Clientes] ([ClienteID], [Identificacion], [NombreCompleto], [Telefono], [Correo], [Direccion], [Estado]) VALUES (64, N'749458835', N'Phoebe Mathis', N'89467510', N'cursus@Nullamlobortis.ca', N'L', 0)
INSERT [dbo].[Clientes] ([ClienteID], [Identificacion], [NombreCompleto], [Telefono], [Correo], [Direccion], [Estado]) VALUES (65, N'269243494', N'Armand Atkins', N'24070415', N'lorem.ut.aliquam@torquentper.edu', N'LAL', 0)
INSERT [dbo].[Clientes] ([ClienteID], [Identificacion], [NombreCompleto], [Telefono], [Correo], [Direccion], [Estado]) VALUES (66, N'179277770', N'Byron Sherman', N'55645268', N'elit.Etiam.laoreet@urnaNunc.com', N'PUG', 1)
INSERT [dbo].[Clientes] ([ClienteID], [Identificacion], [NombreCompleto], [Telefono], [Correo], [Direccion], [Estado]) VALUES (67, N'406357257', N'Dahlia Summers', N'19450920', N'vitae@feugiat.edu', N'Tyumen Oblast', 1)
INSERT [dbo].[Clientes] ([ClienteID], [Identificacion], [NombreCompleto], [Telefono], [Correo], [Direccion], [Estado]) VALUES (68, N'716168367', N'Aileen Blevins', N'79822534', N'nunc.sed@metusAliquam.com', N'QC', 0)
INSERT [dbo].[Clientes] ([ClienteID], [Identificacion], [NombreCompleto], [Telefono], [Correo], [Direccion], [Estado]) VALUES (69, N'168751844', N'Declan Lott', N'54633878', N'erat@quamdignissim.edu', N'Gyeonggi', 1)
INSERT [dbo].[Clientes] ([ClienteID], [Identificacion], [NombreCompleto], [Telefono], [Correo], [Direccion], [Estado]) VALUES (70, N'369788574', N'Desirae Stokes', N'50020104', N'eu@convallisdolor.net', N'CG', 1)
INSERT [dbo].[Clientes] ([ClienteID], [Identificacion], [NombreCompleto], [Telefono], [Correo], [Direccion], [Estado]) VALUES (71, N'516843405', N'Sawyer Waters', N'14527128', N'Nunc@consectetuereuismod.ca', N'Sindh', 0)
INSERT [dbo].[Clientes] ([ClienteID], [Identificacion], [NombreCompleto], [Telefono], [Correo], [Direccion], [Estado]) VALUES (72, N'866937989', N'Mara Olson', N'16297328', N'diam.Proin@mollisPhaselluslibero.edu', N'KY', 0)
INSERT [dbo].[Clientes] ([ClienteID], [Identificacion], [NombreCompleto], [Telefono], [Correo], [Direccion], [Estado]) VALUES (73, N'776137471', N'Hayley Cummings', N'70779188', N'nunc@ultricesiaculis.ca', N'WA', 1)
INSERT [dbo].[Clientes] ([ClienteID], [Identificacion], [NombreCompleto], [Telefono], [Correo], [Direccion], [Estado]) VALUES (74, N'672313608', N'Sophia Witt', N'20150875', N'lobortis@miDuis.co.uk', N'N.', 1)
INSERT [dbo].[Clientes] ([ClienteID], [Identificacion], [NombreCompleto], [Telefono], [Correo], [Direccion], [Estado]) VALUES (75, N'761250005', N'Hamish Fry', N'72236212', N'tempor@egestasAliquamfringilla.co.uk', N'Ist', 0)
INSERT [dbo].[Clientes] ([ClienteID], [Identificacion], [NombreCompleto], [Telefono], [Correo], [Direccion], [Estado]) VALUES (76, N'680763504', N'Alexis Fernandez', N'48414409', N'blandit@lectus.com', N'Alabama', 1)
INSERT [dbo].[Clientes] ([ClienteID], [Identificacion], [NombreCompleto], [Telefono], [Correo], [Direccion], [Estado]) VALUES (77, N'611206680', N'Ciara Rollins', N'96508536', N'dolor.quam@temporaugueac.ca', N'AB', 0)
INSERT [dbo].[Clientes] ([ClienteID], [Identificacion], [NombreCompleto], [Telefono], [Correo], [Direccion], [Estado]) VALUES (78, N'679176157', N'Kaye Chapman', N'60100725', N'Proin@sociisnatoquepenatibus.ca', N'Comunitat Valenciana', 0)
INSERT [dbo].[Clientes] ([ClienteID], [Identificacion], [NombreCompleto], [Telefono], [Correo], [Direccion], [Estado]) VALUES (79, N'163886784', N'Wanda Booker', N'18835195', N'eu@luctusfelispurus.org', N'CA', 0)
INSERT [dbo].[Clientes] ([ClienteID], [Identificacion], [NombreCompleto], [Telefono], [Correo], [Direccion], [Estado]) VALUES (80, N'884554740', N'Daphne Peck', N'26827001', N'dapibus@ridiculusmusAenean.org', N'Hgo', 0)
INSERT [dbo].[Clientes] ([ClienteID], [Identificacion], [NombreCompleto], [Telefono], [Correo], [Direccion], [Estado]) VALUES (81, N'919755773', N'Bryar Ramos', N'49962399', N'posuere.cubilia@imperdiet.edu', N'NI', 0)
INSERT [dbo].[Clientes] ([ClienteID], [Identificacion], [NombreCompleto], [Telefono], [Correo], [Direccion], [Estado]) VALUES (82, N'644763324', N'Nerea Baker', N'51789314', N'dolor@aceleifendvitae.net', N'OX', 1)
INSERT [dbo].[Clientes] ([ClienteID], [Identificacion], [NombreCompleto], [Telefono], [Correo], [Direccion], [Estado]) VALUES (83, N'666815750', N'Lucius Finch', N'30779391', N'nisl@eu.edu', N'Lombardia', 1)
INSERT [dbo].[Clientes] ([ClienteID], [Identificacion], [NombreCompleto], [Telefono], [Correo], [Direccion], [Estado]) VALUES (84, N'466408721', N'Arsenio Vaughn', N'49795835', N'Curae.Phasellus.ornare@a.ca', N'Oaxaca', 1)
INSERT [dbo].[Clientes] ([ClienteID], [Identificacion], [NombreCompleto], [Telefono], [Correo], [Direccion], [Estado]) VALUES (85, N'710352475', N'Chastity Carney', N'30121114', N'fringilla.est@inmolestietortor.org', N'Slaskie', 0)
INSERT [dbo].[Clientes] ([ClienteID], [Identificacion], [NombreCompleto], [Telefono], [Correo], [Direccion], [Estado]) VALUES (86, N'502349354', N'Ryder Vincent', N'95345190', N'faucibus.lectus@tellus.co.uk', N'LA', 0)
INSERT [dbo].[Clientes] ([ClienteID], [Identificacion], [NombreCompleto], [Telefono], [Correo], [Direccion], [Estado]) VALUES (87, N'850514698', N'Garrett Crosby', N'63908742', N'enim@habitant.edu', N'Andalucía', 0)
INSERT [dbo].[Clientes] ([ClienteID], [Identificacion], [NombreCompleto], [Telefono], [Correo], [Direccion], [Estado]) VALUES (88, N'639548679', N'Kirestin Matthews', N'16132639', N'imperdiet@quam.co.uk', N'Chi', 0)
INSERT [dbo].[Clientes] ([ClienteID], [Identificacion], [NombreCompleto], [Telefono], [Correo], [Direccion], [Estado]) VALUES (89, N'499308914', N'Camilla Blevins', N'13352849', N'imperdiet.erat.nonummy@egetdictum.com', N'Malopolskie', 0)
INSERT [dbo].[Clientes] ([ClienteID], [Identificacion], [NombreCompleto], [Telefono], [Correo], [Direccion], [Estado]) VALUES (90, N'539120342', N'Kyle Castillo', N'55543549', N'malesuada.malesuada@tristique.ca', N'Stockholms län', 1)
INSERT [dbo].[Clientes] ([ClienteID], [Identificacion], [NombreCompleto], [Telefono], [Correo], [Direccion], [Estado]) VALUES (91, N'283539010', N'Walker Padilla', N'34207523', N'Nunc@ipsum.com', N'BR', 1)
INSERT [dbo].[Clientes] ([ClienteID], [Identificacion], [NombreCompleto], [Telefono], [Correo], [Direccion], [Estado]) VALUES (92, N'501251413', N'Hollee Wynn', N'80951722', N'auctor.non.feugiat@Nunc.com', N'Antioquia', 1)
INSERT [dbo].[Clientes] ([ClienteID], [Identificacion], [NombreCompleto], [Telefono], [Correo], [Direccion], [Estado]) VALUES (93, N'634871311', N'McKenzie Barrett', N'43801703', N'quis.diam@Integer.net', N'Heredia', 1)
INSERT [dbo].[Clientes] ([ClienteID], [Identificacion], [NombreCompleto], [Telefono], [Correo], [Direccion], [Estado]) VALUES (94, N'267082196', N'Jordan Fitzpatrick', N'19237708', N'eu.tellus.Phasellus@acrisusMorbi.edu', N'Mexico City', 0)
INSERT [dbo].[Clientes] ([ClienteID], [Identificacion], [NombreCompleto], [Telefono], [Correo], [Direccion], [Estado]) VALUES (95, N'863423651', N'Liberty Massey', N'84792221', N'sem.ut.dolor@id.edu', N'Vienna', 1)
INSERT [dbo].[Clientes] ([ClienteID], [Identificacion], [NombreCompleto], [Telefono], [Correo], [Direccion], [Estado]) VALUES (96, N'743495220', N'Leonard Blackwell', N'93094324', N'tempor.lorem.eget@utsem.co.uk', N'OR', 0)
INSERT [dbo].[Clientes] ([ClienteID], [Identificacion], [NombreCompleto], [Telefono], [Correo], [Direccion], [Estado]) VALUES (97, N'550401800', N'Cyrus Hanson', N'12070362', N'fringilla.porttitor@euaugue.ca', N'North Island', 1)
INSERT [dbo].[Clientes] ([ClienteID], [Identificacion], [NombreCompleto], [Telefono], [Correo], [Direccion], [Estado]) VALUES (98, N'951123733', N'Louis Wilkinson', N'54375356', N'ligula@ipsumportaelit.edu', N'Quebec', 0)
INSERT [dbo].[Clientes] ([ClienteID], [Identificacion], [NombreCompleto], [Telefono], [Correo], [Direccion], [Estado]) VALUES (99, N'742232676', N'Jared Rose', N'42327654', N'conubia@Uttincidunt.edu', N'OH', 1)
INSERT [dbo].[Clientes] ([ClienteID], [Identificacion], [NombreCompleto], [Telefono], [Correo], [Direccion], [Estado]) VALUES (100, N'696218804', N'Melanie Burch', N'32177481', N'turpis@malesuada.com', N'British Columbia', 0)
INSERT [dbo].[Clientes] ([ClienteID], [Identificacion], [NombreCompleto], [Telefono], [Correo], [Direccion], [Estado]) VALUES (101, N'483772942', N'Berk Bartlett', N'87354940', N'nec.enim@Nunc.edu', N'LD', 1)
INSERT [dbo].[Clientes] ([ClienteID], [Identificacion], [NombreCompleto], [Telefono], [Correo], [Direccion], [Estado]) VALUES (102, N'659335304', N'Trevor Levy', N'70786472', N'dolor.elit@lectusjustoeu.net', N'Anambra', 1)
INSERT [dbo].[Clientes] ([ClienteID], [Identificacion], [NombreCompleto], [Telefono], [Correo], [Direccion], [Estado]) VALUES (103, N'894430393', N'Kato Carney', N'90052031', N'velit.justo@urnanecluctus.ca', N'Antioquia', 1)
INSERT [dbo].[Clientes] ([ClienteID], [Identificacion], [NombreCompleto], [Telefono], [Correo], [Direccion], [Estado]) VALUES (104, N'236608356', N'Noel Sharpe', N'26398151', N'ipsum@Utsemper.net', N'MD', 0)
INSERT [dbo].[Clientes] ([ClienteID], [Identificacion], [NombreCompleto], [Telefono], [Correo], [Direccion], [Estado]) VALUES (105, N'285447336', N'Rudyard Vance', N'36761113', N'velit.Pellentesque@sit.net', N'AB', 1)
INSERT [dbo].[Clientes] ([ClienteID], [Identificacion], [NombreCompleto], [Telefono], [Correo], [Direccion], [Estado]) VALUES (106, N'252996259', N'Lamar Santiago', N'11976092', N'bibendum.Donec@acliberonec.edu', N'Kaduna', 1)
INSERT [dbo].[Clientes] ([ClienteID], [Identificacion], [NombreCompleto], [Telefono], [Correo], [Direccion], [Estado]) VALUES (107, N'603164410', N'Salvador Herring', N'91067964', N'ut.dolor@dolorNulla.co.uk', N'Vlaams-Brabant', 1)
INSERT [dbo].[Clientes] ([ClienteID], [Identificacion], [NombreCompleto], [Telefono], [Correo], [Direccion], [Estado]) VALUES (108, N'635283914', N'Anika Kinney', N'46393893', N'eros@nasceturridiculusmus.edu', N'C', 0)
INSERT [dbo].[Clientes] ([ClienteID], [Identificacion], [NombreCompleto], [Telefono], [Correo], [Direccion], [Estado]) VALUES (109, N'320451829', N'Nasim Hayes', N'28272354', N'Cras.eu@Etiamligulatortor.net', N'Chiapas', 0)
INSERT [dbo].[Clientes] ([ClienteID], [Identificacion], [NombreCompleto], [Telefono], [Correo], [Direccion], [Estado]) VALUES (110, N'520449488', N'Seth Noel', N'30367174', N'libero@sedpedenec.org', N'West Bengal', 1)
INSERT [dbo].[Clientes] ([ClienteID], [Identificacion], [NombreCompleto], [Telefono], [Correo], [Direccion], [Estado]) VALUES (111, N'778298417', N'Eaton Underwood', N'56386573', N'a.enim@semper.edu', N'L', 1)
INSERT [dbo].[Clientes] ([ClienteID], [Identificacion], [NombreCompleto], [Telefono], [Correo], [Direccion], [Estado]) VALUES (112, N'644466468', N'Vivien Wong', N'88830319', N'semper.dui.lectus@orcitincidunt.co.uk', N'UP', 0)
INSERT [dbo].[Clientes] ([ClienteID], [Identificacion], [NombreCompleto], [Telefono], [Correo], [Direccion], [Estado]) VALUES (113, N'832815276', N'Kenyon Mcmillan', N'29023340', N'quam@euultrices.com', N'UMB', 0)
INSERT [dbo].[Clientes] ([ClienteID], [Identificacion], [NombreCompleto], [Telefono], [Correo], [Direccion], [Estado]) VALUES (114, N'973830179', N'Fuller Crane', N'32218757', N'natoque.penatibus.et@CuraeDonectincidunt.org', N'Antioquia', 0)
INSERT [dbo].[Clientes] ([ClienteID], [Identificacion], [NombreCompleto], [Telefono], [Correo], [Direccion], [Estado]) VALUES (115, N'217090884', N'Megan Hickman', N'10177271', N'pede.nonummy.ut@orci.org', N'Wie', 1)
INSERT [dbo].[Clientes] ([ClienteID], [Identificacion], [NombreCompleto], [Telefono], [Correo], [Direccion], [Estado]) VALUES (116, N'486480302', N'Baxter Durham', N'70148326', N'Sed.pharetra@mauris.edu', N'SO', 0)
INSERT [dbo].[Clientes] ([ClienteID], [Identificacion], [NombreCompleto], [Telefono], [Correo], [Direccion], [Estado]) VALUES (117, N'409183547', N'Stacy Mcneil', N'17881494', N'magna.Suspendisse@cursusluctus.net', N'Leinster', 0)
GO
INSERT [dbo].[Clientes] ([ClienteID], [Identificacion], [NombreCompleto], [Telefono], [Correo], [Direccion], [Estado]) VALUES (118, N'726656297', N'Bevis Harrell', N'94402165', N'arcu.Nunc@lectusNullam.org', N'Friuli-Venezia Giulia', 1)
INSERT [dbo].[Clientes] ([ClienteID], [Identificacion], [NombreCompleto], [Telefono], [Correo], [Direccion], [Estado]) VALUES (120, N'1', N'Bbb', N'123', N'saas', N'asdasd', 0)
INSERT [dbo].[Clientes] ([ClienteID], [Identificacion], [NombreCompleto], [Telefono], [Correo], [Direccion], [Estado]) VALUES (121, N'123456789', N'dsadsasad sdasda', N'4545545454', N'saasdadasd@sadsad.com', N'asdsadaasdsadsad', 0)
INSERT [dbo].[Clientes] ([ClienteID], [Identificacion], [NombreCompleto], [Telefono], [Correo], [Direccion], [Estado]) VALUES (122, N'554454545', N'fddsffdssdsadds', N'54455445', N'sdasdsad@sad.com', N'asdasdasdsadas', 0)
INSERT [dbo].[Clientes] ([ClienteID], [Identificacion], [NombreCompleto], [Telefono], [Correo], [Direccion], [Estado]) VALUES (123, N'12345677554', N'sadadfdsfdsdsf', N'5545454454', N'dsadads@sadas.com', N'asdasdad', 0)
SET IDENTITY_INSERT [dbo].[Clientes] OFF

/*
SET IDENTITY_INSERT [dbo].[Pedidos] ON 

INSERT [dbo].[Pedidos] ([PedidoID], [NumeroPedido], [ClienteID], [NumeroOrdenDeCompra], [ProductoID], [UsuarioID], [UnidadMedidaID], [Cantidad], [Descripcion], [Fecha], [PrecioTotal], [Estado]) VALUES (1, N'554554', 20, N'44', 3, 1014, 2, 455454, N'asaddsdsadsa', NULL, 45454545.0200, 1)
INSERT [dbo].[Pedidos] ([PedidoID], [NumeroPedido], [ClienteID], [NumeroOrdenDeCompra], [ProductoID], [UsuarioID], [UnidadMedidaID], [Cantidad], [Descripcion], [Fecha], [PrecioTotal], [Estado]) VALUES (2, N'5456645', 34, N'66665', 5, 1015, 2, 55, N'asdasd', NULL, 7545.0000, 1)
INSERT [dbo].[Pedidos] ([PedidoID], [NumeroPedido], [ClienteID], [NumeroOrdenDeCompra], [ProductoID], [UsuarioID], [UnidadMedidaID], [Cantidad], [Descripcion], [Fecha], [PrecioTotal], [Estado]) VALUES (3, N'54554', 40, N'4545455', 5, 1015, 2, 545454, N'fgggfgf', NULL, 45545.1200, 1)
INSERT [dbo].[Pedidos] ([PedidoID], [NumeroPedido], [ClienteID], [NumeroOrdenDeCompra], [ProductoID], [UsuarioID], [UnidadMedidaID], [Cantidad], [Descripcion], [Fecha], [PrecioTotal], [Estado]) VALUES (4, N'455454', 20, N'544554', 3, 1015, 2, 4, N'xccxcxz', CAST(N'2020-08-19' AS Date), 54554.5445, 1)
INSERT [dbo].[Pedidos] ([PedidoID], [NumeroPedido], [ClienteID], [NumeroOrdenDeCompra], [ProductoID], [UsuarioID], [UnidadMedidaID], [Cantidad], [Descripcion], [Fecha], [PrecioTotal], [Estado]) VALUES (5, N'454', 35, N'4554', 5, 1014, 2, 54, N'cxcx', CAST(N'2020-08-05' AS Date), 4554.5700, 0)
INSERT [dbo].[Pedidos] ([PedidoID], [NumeroPedido], [ClienteID], [NumeroOrdenDeCompra], [ProductoID], [UsuarioID], [UnidadMedidaID], [Cantidad], [Descripcion], [Fecha], [PrecioTotal], [Estado]) VALUES (6, N'455454', 21, N'45454', 3, 1015, 2, 4554, N'cxcxcx', CAST(N'2020-08-04' AS Date), 4554.5600, 1)
INSERT [dbo].[Pedidos] ([PedidoID], [NumeroPedido], [ClienteID], [NumeroOrdenDeCompra], [ProductoID], [UsuarioID], [UnidadMedidaID], [Cantidad], [Descripcion], [Fecha], [PrecioTotal], [Estado]) VALUES (35, N'4565', 25, N'234567', 26, 1014, 1, 2, N'ghjgh', CAST(N'2020-08-20' AS Date), 9000.0000, 1)
INSERT [dbo].[Pedidos] ([PedidoID], [NumeroPedido], [ClienteID], [NumeroOrdenDeCompra], [ProductoID], [UsuarioID], [UnidadMedidaID], [Cantidad], [Descripcion], [Fecha], [PrecioTotal], [Estado]) VALUES (36, N'6765', 36, N'42537384', 35, 1015, 2, 1, N'jckmfmdfngdf', CAST(N'2020-08-23' AS Date), 20000.0000, 0)
INSERT [dbo].[Pedidos] ([PedidoID], [NumeroPedido], [ClienteID], [NumeroOrdenDeCompra], [ProductoID], [UsuarioID], [UnidadMedidaID], [Cantidad], [Descripcion], [Fecha], [PrecioTotal], [Estado]) VALUES (38, N'111', 35, N'45121', 34, 1014, 2, 2, N'dsfdsf', CAST(N'2020-08-30' AS Date), 1000.0000, 1)
INSERT [dbo].[Pedidos] ([PedidoID], [NumeroPedido], [ClienteID], [NumeroOrdenDeCompra], [ProductoID], [UsuarioID], [UnidadMedidaID], [Cantidad], [Descripcion], [Fecha], [PrecioTotal], [Estado]) VALUES (40, N'222', 47, N'5454564', 39, 1015, 5, 1, N'sdfds', CAST(N'2020-08-15' AS Date), 100000.0000, 1)
INSERT [dbo].[Pedidos] ([PedidoID], [NumeroPedido], [ClienteID], [NumeroOrdenDeCompra], [ProductoID], [UsuarioID], [UnidadMedidaID], [Cantidad], [Descripcion], [Fecha], [PrecioTotal], [Estado]) VALUES (41, N'333', 85, N'745452', 30, 1015, 1, 2, N'tyhuyt', CAST(N'2020-08-20' AS Date), 452342.0000, 1)
INSERT [dbo].[Pedidos] ([PedidoID], [NumeroPedido], [ClienteID], [NumeroOrdenDeCompra], [ProductoID], [UsuarioID], [UnidadMedidaID], [Cantidad], [Descripcion], [Fecha], [PrecioTotal], [Estado]) VALUES (43, N'444', 75, N'785458', 24, 1015, 5, 1, N'yhigu', CAST(N'2020-08-30' AS Date), 10.0000, 1)
INSERT [dbo].[Pedidos] ([PedidoID], [NumeroPedido], [ClienteID], [NumeroOrdenDeCompra], [ProductoID], [UsuarioID], [UnidadMedidaID], [Cantidad], [Descripcion], [Fecha], [PrecioTotal], [Estado]) VALUES (44, N'5555', 39, N'4500', 30, 1014, 5, 2, N'prueba', CAST(N'2020-08-19' AS Date), 50000.0000, 0)
INSERT [dbo].[Pedidos] ([PedidoID], [NumeroPedido], [ClienteID], [NumeroOrdenDeCompra], [ProductoID], [UsuarioID], [UnidadMedidaID], [Cantidad], [Descripcion], [Fecha], [PrecioTotal], [Estado]) VALUES (47, N'111', 74, N'44254', 15, 1015, 1, 1, N'dfg', CAST(N'2020-08-25' AS Date), 20000.0000, 1)
INSERT [dbo].[Pedidos] ([PedidoID], [NumeroPedido], [ClienteID], [NumeroOrdenDeCompra], [ProductoID], [UsuarioID], [UnidadMedidaID], [Cantidad], [Descripcion], [Fecha], [PrecioTotal], [Estado]) VALUES (50, N'542', 25, N'45745', 15, 1014, 5, 2, N'aeaeds', CAST(N'2020-08-27' AS Date), 2000000.0000, 1)
SET IDENTITY_INSERT [dbo].[Pedidos] OFF
SET IDENTITY_INSERT [dbo].[AperturaCierre] ON 

INSERT [dbo].[AperturaCierre] ([AperturaCierreID], [FechaApertura], [FechaCierre], [Turno], [PedidoID], [Estado], [MaquinaID]) VALUES (1, CAST(N'2020-08-23T16:38:54.000' AS DateTime), CAST(N'2020-08-23T21:30:28.823' AS DateTime), N'Mañana', 1, 0, 12)
INSERT [dbo].[AperturaCierre] ([AperturaCierreID], [FechaApertura], [FechaCierre], [Turno], [PedidoID], [Estado], [MaquinaID]) VALUES (8, CAST(N'2020-08-17T18:06:23.000' AS DateTime), CAST(N'2020-08-25T16:12:12.933' AS DateTime), N'Mañana', 1, 0, 12)
INSERT [dbo].[AperturaCierre] ([AperturaCierreID], [FechaApertura], [FechaCierre], [Turno], [PedidoID], [Estado], [MaquinaID]) VALUES (9, CAST(N'2020-08-17T18:13:47.000' AS DateTime), CAST(N'2020-08-17T18:14:00.143' AS DateTime), N'Tarde', 1, 0, 12)
INSERT [dbo].[AperturaCierre] ([AperturaCierreID], [FechaApertura], [FechaCierre], [Turno], [PedidoID], [Estado], [MaquinaID]) VALUES (10, CAST(N'2020-08-23T22:06:43.000' AS DateTime), CAST(N'2020-08-25T16:12:11.660' AS DateTime), N'Mañana', 3, 0, 12)
INSERT [dbo].[AperturaCierre] ([AperturaCierreID], [FechaApertura], [FechaCierre], [Turno], [PedidoID], [Estado], [MaquinaID]) VALUES (11, CAST(N'2020-08-23T22:39:58.000' AS DateTime), CAST(N'2020-08-25T16:12:13.990' AS DateTime), N'Mañana', 6, 0, 12)
INSERT [dbo].[AperturaCierre] ([AperturaCierreID], [FechaApertura], [FechaCierre], [Turno], [PedidoID], [Estado], [MaquinaID]) VALUES (12, CAST(N'2020-08-23T22:41:36.000' AS DateTime), CAST(N'2020-08-25T16:12:14.677' AS DateTime), N'Mañana', 5, 0, 12)
INSERT [dbo].[AperturaCierre] ([AperturaCierreID], [FechaApertura], [FechaCierre], [Turno], [PedidoID], [Estado], [MaquinaID]) VALUES (13, CAST(N'2020-08-23T22:43:16.000' AS DateTime), CAST(N'2020-08-25T16:12:15.223' AS DateTime), N'Mañana', 4, 0, 12)
INSERT [dbo].[AperturaCierre] ([AperturaCierreID], [FechaApertura], [FechaCierre], [Turno], [PedidoID], [Estado], [MaquinaID]) VALUES (14, CAST(N'2020-07-30T00:00:00.000' AS DateTime), CAST(N'2020-08-25T16:24:08.840' AS DateTime), N'Mañana', 1, 0, 12)
INSERT [dbo].[AperturaCierre] ([AperturaCierreID], [FechaApertura], [FechaCierre], [Turno], [PedidoID], [Estado], [MaquinaID]) VALUES (15, CAST(N'2020-08-26T00:00:00.000' AS DateTime), CAST(N'2020-08-25T16:12:15.720' AS DateTime), N'Mañana', 1, 0, 12)
INSERT [dbo].[AperturaCierre] ([AperturaCierreID], [FechaApertura], [FechaCierre], [Turno], [PedidoID], [Estado], [MaquinaID]) VALUES (16, CAST(N'2020-08-05T00:00:00.000' AS DateTime), CAST(N'2020-08-25T16:24:09.477' AS DateTime), N'Mañana', 1, 0, 12)
INSERT [dbo].[AperturaCierre] ([AperturaCierreID], [FechaApertura], [FechaCierre], [Turno], [PedidoID], [Estado], [MaquinaID]) VALUES (17, CAST(N'2020-08-05T00:00:00.000' AS DateTime), CAST(N'2020-08-25T16:24:10.017' AS DateTime), N'Mañana', 1, 0, 12)
INSERT [dbo].[AperturaCierre] ([AperturaCierreID], [FechaApertura], [FechaCierre], [Turno], [PedidoID], [Estado], [MaquinaID]) VALUES (18, CAST(N'2020-08-02T00:00:00.000' AS DateTime), CAST(N'2020-08-25T16:24:07.697' AS DateTime), N'Mañana', 1, 0, 12)
INSERT [dbo].[AperturaCierre] ([AperturaCierreID], [FechaApertura], [FechaCierre], [Turno], [PedidoID], [Estado], [MaquinaID]) VALUES (21, CAST(N'2020-08-25T16:23:51.000' AS DateTime), CAST(N'2020-08-25T16:24:06.087' AS DateTime), N'Mañana', 1, 0, 12)
INSERT [dbo].[AperturaCierre] ([AperturaCierreID], [FechaApertura], [FechaCierre], [Turno], [PedidoID], [Estado], [MaquinaID]) VALUES (22, CAST(N'2020-08-25T16:23:57.000' AS DateTime), CAST(N'2020-08-25T16:24:06.937' AS DateTime), N'Mañana', 1, 0, 12)
INSERT [dbo].[AperturaCierre] ([AperturaCierreID], [FechaApertura], [FechaCierre], [Turno], [PedidoID], [Estado], [MaquinaID]) VALUES (23, CAST(N'2020-08-25T16:24:03.000' AS DateTime), CAST(N'2020-08-25T16:24:08.257' AS DateTime), N'Mañana', 1, 0, 12)
INSERT [dbo].[AperturaCierre] ([AperturaCierreID], [FechaApertura], [FechaCierre], [Turno], [PedidoID], [Estado], [MaquinaID]) VALUES (24, CAST(N'2020-08-25T16:25:48.000' AS DateTime), CAST(N'2020-08-25T16:30:07.620' AS DateTime), N'Mañana', 1, 0, 12)
INSERT [dbo].[AperturaCierre] ([AperturaCierreID], [FechaApertura], [FechaCierre], [Turno], [PedidoID], [Estado], [MaquinaID]) VALUES (25, CAST(N'2020-08-25T16:29:04.000' AS DateTime), CAST(N'2020-08-25T16:30:08.713' AS DateTime), N'Mañana', 1, 0, 12)
INSERT [dbo].[AperturaCierre] ([AperturaCierreID], [FechaApertura], [FechaCierre], [Turno], [PedidoID], [Estado], [MaquinaID]) VALUES (26, CAST(N'2020-08-25T16:30:09.000' AS DateTime), CAST(N'2020-08-25T16:31:28.277' AS DateTime), N'Mañana', 1, 0, 12)
INSERT [dbo].[AperturaCierre] ([AperturaCierreID], [FechaApertura], [FechaCierre], [Turno], [PedidoID], [Estado], [MaquinaID]) VALUES (27, CAST(N'2020-08-25T16:31:29.000' AS DateTime), CAST(N'2020-08-25T16:32:39.073' AS DateTime), N'Mañana', 1, 0, 12)
INSERT [dbo].[AperturaCierre] ([AperturaCierreID], [FechaApertura], [FechaCierre], [Turno], [PedidoID], [Estado], [MaquinaID]) VALUES (28, CAST(N'2020-08-25T16:32:39.000' AS DateTime), CAST(N'2020-08-25T16:34:02.547' AS DateTime), N'Mañana', 38, 0, 12)
INSERT [dbo].[AperturaCierre] ([AperturaCierreID], [FechaApertura], [FechaCierre], [Turno], [PedidoID], [Estado], [MaquinaID]) VALUES (29, CAST(N'2020-08-25T16:34:03.000' AS DateTime), CAST(N'2020-08-25T16:38:07.900' AS DateTime), N'Mañana', 38, 0, 12)
INSERT [dbo].[AperturaCierre] ([AperturaCierreID], [FechaApertura], [FechaCierre], [Turno], [PedidoID], [Estado], [MaquinaID]) VALUES (30, CAST(N'2020-08-25T16:37:12.000' AS DateTime), CAST(N'2020-08-25T16:37:18.930' AS DateTime), N'Mañana', 1, 0, 12)
INSERT [dbo].[AperturaCierre] ([AperturaCierreID], [FechaApertura], [FechaCierre], [Turno], [PedidoID], [Estado], [MaquinaID]) VALUES (31, CAST(N'2020-08-25T16:37:56.000' AS DateTime), CAST(N'2020-08-25T16:38:08.980' AS DateTime), N'Mañana', 38, 0, 12)
INSERT [dbo].[AperturaCierre] ([AperturaCierreID], [FechaApertura], [FechaCierre], [Turno], [PedidoID], [Estado], [MaquinaID]) VALUES (32, CAST(N'2020-08-25T16:38:09.000' AS DateTime), CAST(N'2020-08-25T17:06:44.077' AS DateTime), N'Mañana', 38, 0, 12)
INSERT [dbo].[AperturaCierre] ([AperturaCierreID], [FechaApertura], [FechaCierre], [Turno], [PedidoID], [Estado], [MaquinaID]) VALUES (33, CAST(N'2020-08-25T16:38:43.000' AS DateTime), CAST(N'2020-08-25T16:42:25.217' AS DateTime), N'Tarde', 40, 0, 12)
INSERT [dbo].[AperturaCierre] ([AperturaCierreID], [FechaApertura], [FechaCierre], [Turno], [PedidoID], [Estado], [MaquinaID]) VALUES (34, CAST(N'2020-08-25T17:57:19.970' AS DateTime), CAST(N'2020-08-25T18:58:57.120' AS DateTime), N'Mañana', 38, 0, 12)
INSERT [dbo].[AperturaCierre] ([AperturaCierreID], [FechaApertura], [FechaCierre], [Turno], [PedidoID], [Estado], [MaquinaID]) VALUES (35, CAST(N'2020-08-25T18:59:17.360' AS DateTime), CAST(N'2020-09-03T13:43:54.830' AS DateTime), N'Tarde', 38, 0, 12)
INSERT [dbo].[AperturaCierre] ([AperturaCierreID], [FechaApertura], [FechaCierre], [Turno], [PedidoID], [Estado], [MaquinaID]) VALUES (36, CAST(N'2020-09-03T13:43:56.000' AS DateTime), CAST(N'2020-09-08T12:08:32.683' AS DateTime), N'Mañana', 1, 0, 12)
INSERT [dbo].[AperturaCierre] ([AperturaCierreID], [FechaApertura], [FechaCierre], [Turno], [PedidoID], [Estado], [MaquinaID]) VALUES (37, CAST(N'2020-09-08T12:28:03.000' AS DateTime), CAST(N'2020-09-08T12:30:26.043' AS DateTime), N'Tarde', 38, 0, 14)
INSERT [dbo].[AperturaCierre] ([AperturaCierreID], [FechaApertura], [FechaCierre], [Turno], [PedidoID], [Estado], [MaquinaID]) VALUES (38, CAST(N'2020-09-08T12:30:27.000' AS DateTime), CAST(N'2020-09-08T12:38:10.937' AS DateTime), N'Noche', 38, 0, 13)
INSERT [dbo].[AperturaCierre] ([AperturaCierreID], [FechaApertura], [FechaCierre], [Turno], [PedidoID], [Estado], [MaquinaID]) VALUES (39, CAST(N'2020-09-08T12:38:11.000' AS DateTime), CAST(N'2020-09-08T13:19:34.973' AS DateTime), N'Mañana', 1, 0, 12)
INSERT [dbo].[AperturaCierre] ([AperturaCierreID], [FechaApertura], [FechaCierre], [Turno], [PedidoID], [Estado], [MaquinaID]) VALUES (40, CAST(N'2020-09-08T13:19:36.000' AS DateTime), NULL, N'Mañana', 47, 1, 12)
SET IDENTITY_INSERT [dbo].[AperturaCierre] OFF
SET IDENTITY_INSERT [dbo].[MermaPorTurno] ON 

INSERT [dbo].[MermaPorTurno] ([MermaPorTurnoID], [Cantidad], [AperturaCierreID], [TipoMermaID], [Estado]) VALUES (1, 5, 1, 1, 0)
INSERT [dbo].[MermaPorTurno] ([MermaPorTurnoID], [Cantidad], [AperturaCierreID], [TipoMermaID], [Estado]) VALUES (2, 5, 1, 1, 0)
INSERT [dbo].[MermaPorTurno] ([MermaPorTurnoID], [Cantidad], [AperturaCierreID], [TipoMermaID], [Estado]) VALUES (3, 55, 1, 1, 1)
INSERT [dbo].[MermaPorTurno] ([MermaPorTurnoID], [Cantidad], [AperturaCierreID], [TipoMermaID], [Estado]) VALUES (14, 10, 12, 1, 0)
INSERT [dbo].[MermaPorTurno] ([MermaPorTurnoID], [Cantidad], [AperturaCierreID], [TipoMermaID], [Estado]) VALUES (15, 20, 11, 1, 1)
INSERT [dbo].[MermaPorTurno] ([MermaPorTurnoID], [Cantidad], [AperturaCierreID], [TipoMermaID], [Estado]) VALUES (16, 20, 8, 2, 1)
INSERT [dbo].[MermaPorTurno] ([MermaPorTurnoID], [Cantidad], [AperturaCierreID], [TipoMermaID], [Estado]) VALUES (17, 45, 12, 3, 0)
INSERT [dbo].[MermaPorTurno] ([MermaPorTurnoID], [Cantidad], [AperturaCierreID], [TipoMermaID], [Estado]) VALUES (18, 5, 13, 4, 0)
INSERT [dbo].[MermaPorTurno] ([MermaPorTurnoID], [Cantidad], [AperturaCierreID], [TipoMermaID], [Estado]) VALUES (19, 5, 1, 1, 0)
INSERT [dbo].[MermaPorTurno] ([MermaPorTurnoID], [Cantidad], [AperturaCierreID], [TipoMermaID], [Estado]) VALUES (20, 5, 1, 1, 0)
INSERT [dbo].[MermaPorTurno] ([MermaPorTurnoID], [Cantidad], [AperturaCierreID], [TipoMermaID], [Estado]) VALUES (21, 545, 10, 2, 0)
INSERT [dbo].[MermaPorTurno] ([MermaPorTurnoID], [Cantidad], [AperturaCierreID], [TipoMermaID], [Estado]) VALUES (22, 12, 33, 1, 1)
INSERT [dbo].[MermaPorTurno] ([MermaPorTurnoID], [Cantidad], [AperturaCierreID], [TipoMermaID], [Estado]) VALUES (23, 56, 33, 1, 0)
INSERT [dbo].[MermaPorTurno] ([MermaPorTurnoID], [Cantidad], [AperturaCierreID], [TipoMermaID], [Estado]) VALUES (24, 56, 33, 4, 0)
INSERT [dbo].[MermaPorTurno] ([MermaPorTurnoID], [Cantidad], [AperturaCierreID], [TipoMermaID], [Estado]) VALUES (28, 123, 34, 1, 1)
INSERT [dbo].[MermaPorTurno] ([MermaPorTurnoID], [Cantidad], [AperturaCierreID], [TipoMermaID], [Estado]) VALUES (29, 100, 35, 2, 1)
INSERT [dbo].[MermaPorTurno] ([MermaPorTurnoID], [Cantidad], [AperturaCierreID], [TipoMermaID], [Estado]) VALUES (30, 10, 33, 2, 0)
INSERT [dbo].[MermaPorTurno] ([MermaPorTurnoID], [Cantidad], [AperturaCierreID], [TipoMermaID], [Estado]) VALUES (31, 5, 39, 2, 0)
INSERT [dbo].[MermaPorTurno] ([MermaPorTurnoID], [Cantidad], [AperturaCierreID], [TipoMermaID], [Estado]) VALUES (32, 5, 39, 1, 1)
INSERT [dbo].[MermaPorTurno] ([MermaPorTurnoID], [Cantidad], [AperturaCierreID], [TipoMermaID], [Estado]) VALUES (33, 5, 39, 1, 1)
INSERT [dbo].[MermaPorTurno] ([MermaPorTurnoID], [Cantidad], [AperturaCierreID], [TipoMermaID], [Estado]) VALUES (34, 0, 40, 3, 1)
SET IDENTITY_INSERT [dbo].[MermaPorTurno] OFF
SET IDENTITY_INSERT [dbo].[ProduccionPaquetesCajas] ON 

INSERT [dbo].[ProduccionPaquetesCajas] ([EtiquetaID], [Fecha], [Cantidad], [AperturaCierreID], [UsuarioID], [Turno], [Estado]) VALUES (1, CAST(N'2020-08-23T16:39:34.000' AS DateTime), 230, 1, 1015, N'Mañana', 0)
INSERT [dbo].[ProduccionPaquetesCajas] ([EtiquetaID], [Fecha], [Cantidad], [AperturaCierreID], [UsuarioID], [Turno], [Estado]) VALUES (5, CAST(N'2020-08-25T16:39:04.577' AS DateTime), 5, 33, 1015, N'Tarde', 1)
INSERT [dbo].[ProduccionPaquetesCajas] ([EtiquetaID], [Fecha], [Cantidad], [AperturaCierreID], [UsuarioID], [Turno], [Estado]) VALUES (6, CAST(N'2020-08-25T16:42:36.430' AS DateTime), 2, 32, 1015, N'Mañana', 1)
INSERT [dbo].[ProduccionPaquetesCajas] ([EtiquetaID], [Fecha], [Cantidad], [AperturaCierreID], [UsuarioID], [Turno], [Estado]) VALUES (7, CAST(N'2020-08-25T17:57:31.453' AS DateTime), 2, 34, 1015, N'Mañana', 1)
INSERT [dbo].[ProduccionPaquetesCajas] ([EtiquetaID], [Fecha], [Cantidad], [AperturaCierreID], [UsuarioID], [Turno], [Estado]) VALUES (8, CAST(N'2020-08-25T18:59:54.403' AS DateTime), 5, 35, 1015, N'Tarde', 1)
INSERT [dbo].[ProduccionPaquetesCajas] ([EtiquetaID], [Fecha], [Cantidad], [AperturaCierreID], [UsuarioID], [Turno], [Estado]) VALUES (9, CAST(N'2020-09-03T13:44:16.503' AS DateTime), 1, 36, 1015, N'Mañana', 1)
INSERT [dbo].[ProduccionPaquetesCajas] ([EtiquetaID], [Fecha], [Cantidad], [AperturaCierreID], [UsuarioID], [Turno], [Estado]) VALUES (10, CAST(N'2020-09-08T13:20:02.187' AS DateTime), 5, 40, 1015, N'Mañana', 1)
INSERT [dbo].[ProduccionPaquetesCajas] ([EtiquetaID], [Fecha], [Cantidad], [AperturaCierreID], [UsuarioID], [Turno], [Estado]) VALUES (11, CAST(N'2020-09-08T13:20:40.927' AS DateTime), 5, 40, 1015, N'Mañana', 1)
SET IDENTITY_INSERT [dbo].[ProduccionPaquetesCajas] OFF
SET IDENTITY_INSERT [dbo].[Entregas] ON 

INSERT [dbo].[Entregas] ([EntregaID], [NumeroEntrega], [Fecha], [UnidadesEntregadas], [NumeroFactura], [Estado]) VALUES (3, N'456464', CAST(N'2020-07-15' AS Date), 256, N'4545', 0)
INSERT [dbo].[Entregas] ([EntregaID], [NumeroEntrega], [Fecha], [UnidadesEntregadas], [NumeroFactura], [Estado]) VALUES (4, N'565', CAST(N'2020-07-18' AS Date), 566556, N'56656', 0)
INSERT [dbo].[Entregas] ([EntregaID], [NumeroEntrega], [Fecha], [UnidadesEntregadas], [NumeroFactura], [Estado]) VALUES (5, N'adads', CAST(N'2020-07-10' AS Date), 45455555, N'566556', 0)
INSERT [dbo].[Entregas] ([EntregaID], [NumeroEntrega], [Fecha], [UnidadesEntregadas], [NumeroFactura], [Estado]) VALUES (6, N'45455445', CAST(N'2020-07-24' AS Date), 4545, N'55555', 0)
INSERT [dbo].[Entregas] ([EntregaID], [NumeroEntrega], [Fecha], [UnidadesEntregadas], [NumeroFactura], [Estado]) VALUES (7, N'425454', CAST(N'2020-08-23' AS Date), 460, N'455445', 1)
INSERT [dbo].[Entregas] ([EntregaID], [NumeroEntrega], [Fecha], [UnidadesEntregadas], [NumeroFactura], [Estado]) VALUES (8, N'4545', CAST(N'2020-08-23' AS Date), 230, N'4545', 0)
INSERT [dbo].[Entregas] ([EntregaID], [NumeroEntrega], [Fecha], [UnidadesEntregadas], [NumeroFactura], [Estado]) VALUES (9, N'fdsfdsfds', CAST(N'2020-08-25' AS Date), 455454, N'45545454', 1)
INSERT [dbo].[Entregas] ([EntregaID], [NumeroEntrega], [Fecha], [UnidadesEntregadas], [NumeroFactura], [Estado]) VALUES (10, N'12345678', CAST(N'2020-08-25' AS Date), 123, N'12658952', 1)
SET IDENTITY_INSERT [dbo].[Entregas] OFF
SET IDENTITY_INSERT [dbo].[Produccion] ON 

INSERT [dbo].[Produccion] ([ProduccionID], [PedidoID], [FechaInicio], [FechaFin], [HorasTrabajadas], [CantidadMerma], [CantidadProduccionTotal], [CantidadPaquetesCajas], [Estado]) VALUES (1, 1, CAST(N'2020-08-23T16:38:54.000' AS DateTime), CAST(N'2020-09-03T13:44:16.503' AS DateTime), N'10.21:05:22.5039199', 10, 231, 2, 1)
INSERT [dbo].[Produccion] ([ProduccionID], [PedidoID], [FechaInicio], [FechaFin], [HorasTrabajadas], [CantidadMerma], [CantidadProduccionTotal], [CantidadPaquetesCajas], [Estado]) VALUES (2, 3, CAST(N'2020-08-23T22:06:43.000' AS DateTime), NULL, NULL, 545, 0, 0, 1)
INSERT [dbo].[Produccion] ([ProduccionID], [PedidoID], [FechaInicio], [FechaFin], [HorasTrabajadas], [CantidadMerma], [CantidadProduccionTotal], [CantidadPaquetesCajas], [Estado]) VALUES (3, 6, CAST(N'2020-08-23T22:39:58.000' AS DateTime), NULL, NULL, 0, 0, 0, 1)
INSERT [dbo].[Produccion] ([ProduccionID], [PedidoID], [FechaInicio], [FechaFin], [HorasTrabajadas], [CantidadMerma], [CantidadProduccionTotal], [CantidadPaquetesCajas], [Estado]) VALUES (4, 5, CAST(N'2020-08-23T22:41:36.000' AS DateTime), NULL, NULL, 0, 0, 0, 1)
INSERT [dbo].[Produccion] ([ProduccionID], [PedidoID], [FechaInicio], [FechaFin], [HorasTrabajadas], [CantidadMerma], [CantidadProduccionTotal], [CantidadPaquetesCajas], [Estado]) VALUES (5, 4, CAST(N'2020-08-23T22:43:16.000' AS DateTime), NULL, NULL, 0, 0, 0, 1)
INSERT [dbo].[Produccion] ([ProduccionID], [PedidoID], [FechaInicio], [FechaFin], [HorasTrabajadas], [CantidadMerma], [CantidadProduccionTotal], [CantidadPaquetesCajas], [Estado]) VALUES (6, 38, CAST(N'2020-08-25T16:32:39.000' AS DateTime), CAST(N'2020-08-25T18:59:54.403' AS DateTime), N'02:27:15.4026381', 123, 9, 3, 1)
INSERT [dbo].[Produccion] ([ProduccionID], [PedidoID], [FechaInicio], [FechaFin], [HorasTrabajadas], [CantidadMerma], [CantidadProduccionTotal], [CantidadPaquetesCajas], [Estado]) VALUES (7, 40, CAST(N'2020-08-25T16:38:43.000' AS DateTime), CAST(N'2020-08-25T16:39:04.577' AS DateTime), N'00:00:21.5783109', 56, 5, 1, 1)
INSERT [dbo].[Produccion] ([ProduccionID], [PedidoID], [FechaInicio], [FechaFin], [HorasTrabajadas], [CantidadMerma], [CantidadProduccionTotal], [CantidadPaquetesCajas], [Estado]) VALUES (11, 1, CAST(N'2020-09-08T12:38:11.000' AS DateTime), NULL, N'0', 10, 0, 0, 1)
INSERT [dbo].[Produccion] ([ProduccionID], [PedidoID], [FechaInicio], [FechaFin], [HorasTrabajadas], [CantidadMerma], [CantidadProduccionTotal], [CantidadPaquetesCajas], [Estado]) VALUES (12, 47, CAST(N'2020-09-08T13:19:36.000' AS DateTime), CAST(N'2020-09-08T13:20:40.927' AS DateTime), N'00:01:04.9265131', 0, 10, 4, 1)
SET IDENTITY_INSERT [dbo].[Produccion] OFF
SET IDENTITY_INSERT [dbo].[DetalleEntrega] ON 

INSERT [dbo].[DetalleEntrega] ([DetelleEntregaID], [EntregaID], [ProduccionID], [Paquetes], [Cantidad], [Estado]) VALUES (1, 7, 1, 1, 230, 1)
INSERT [dbo].[DetalleEntrega] ([DetelleEntregaID], [EntregaID], [ProduccionID], [Paquetes], [Cantidad], [Estado]) VALUES (2, 7, 1, 1, 230, 1)
INSERT [dbo].[DetalleEntrega] ([DetelleEntregaID], [EntregaID], [ProduccionID], [Paquetes], [Cantidad], [Estado]) VALUES (3, 8, 1, 1, 230, 1)
INSERT [dbo].[DetalleEntrega] ([DetelleEntregaID], [EntregaID], [ProduccionID], [Paquetes], [Cantidad], [Estado]) VALUES (4, 9, 1, 5, 455454, 1)
INSERT [dbo].[DetalleEntrega] ([DetelleEntregaID], [EntregaID], [ProduccionID], [Paquetes], [Cantidad], [Estado]) VALUES (5, 10, 6, 2, 123, 1)
SET IDENTITY_INSERT [dbo].[DetalleEntrega] OFF*/
SET IDENTITY_INSERT [dbo].[FichaTecnicaBotella] ON 

INSERT [dbo].[FichaTecnicaBotella] ([FichaTecnicaBotellaID], [ProductoID], [Altura], [DiametroMayor], [DiametroMenor], [DiametroCuello], [CapacidadVolumetrica], [Tolerancia], [ImagenCuerpo], [ImagenFondo], [Estado]) VALUES (2, 7, 5445, 55555, 45, 45, 5454, 45, NULL, NULL, 1)
INSERT [dbo].[FichaTecnicaBotella] ([FichaTecnicaBotellaID], [ProductoID], [Altura], [DiametroMayor], [DiametroMenor], [DiametroCuello], [CapacidadVolumetrica], [Tolerancia], [ImagenCuerpo], [ImagenFondo], [Estado]) VALUES (3, 10, 555, 55, 55, 55, 55, 55, NULL, NULL, 0)
INSERT [dbo].[FichaTecnicaBotella] ([FichaTecnicaBotellaID], [ProductoID], [Altura], [DiametroMayor], [DiametroMenor], [DiametroCuello], [CapacidadVolumetrica], [Tolerancia], [ImagenCuerpo], [ImagenFondo], [Estado]) VALUES (4, 3, 5, 5, 5, 5, 0, NULL, NULL, NULL, 1)
INSERT [dbo].[FichaTecnicaBotella] ([FichaTecnicaBotellaID], [ProductoID], [Altura], [DiametroMayor], [DiametroMenor], [DiametroCuello], [CapacidadVolumetrica], [Tolerancia], [ImagenCuerpo], [ImagenFondo], [Estado]) VALUES (5, 3, 545, 5, 45, 45, 454, 44545, NULL, NULL, 0)
INSERT [dbo].[FichaTecnicaBotella] ([FichaTecnicaBotellaID], [ProductoID], [Altura], [DiametroMayor], [DiametroMenor], [DiametroCuello], [CapacidadVolumetrica], [Tolerancia], [ImagenCuerpo], [ImagenFondo], [Estado]) VALUES (6, 5, 5, 5, 45, 454, 454, 5, NULL, NULL, 1)
SET IDENTITY_INSERT [dbo].[FichaTecnicaBotella] OFF
SET IDENTITY_INSERT [dbo].[FichaTecnicaTapa] ON 

INSERT [dbo].[FichaTecnicaTapa] ([FichaTecnicaTapaID], [ProductoID], [PesoPieza], [Altura], [DiametroInterno], [DiametroExternoSelloOliva], [AlturaSelloOliva], [DiametroInternoBandaSeguridad], [EspesorPanel], [NumeroEstrias], [TorqueCierreRecomendado], [TorqueApertura], [Tolerancia], [Imagen], [Estado]) VALUES (3, 4, 54, 4, 5, 5, 5, 5, 5, 5, 54, 54, 454, NULL, 0)
INSERT [dbo].[FichaTecnicaTapa] ([FichaTecnicaTapaID], [ProductoID], [PesoPieza], [Altura], [DiametroInterno], [DiametroExternoSelloOliva], [AlturaSelloOliva], [DiametroInternoBandaSeguridad], [EspesorPanel], [NumeroEstrias], [TorqueCierreRecomendado], [TorqueApertura], [Tolerancia], [Imagen], [Estado]) VALUES (4, 16, 54, 454, 4554, 44545, 4545, 454, 4545, 545, 4545, 4545, 54554, NULL, 1)
SET IDENTITY_INSERT [dbo].[FichaTecnicaTapa] OFF
SET IDENTITY_INSERT [dbo].[VariablesMaquinaInyectora] ON 

INSERT [dbo].[VariablesMaquinaInyectora] ([VariablesMaquinaInyectoraID], [MaquinaID], [ProductoID], [MateriaPrimaPrincipalID], [MateriaPrimaSecundariaID], [MateriaPrimaTerciariaID], [CantidadPrimaPrincipal], [CantidadPrimaSecundaria], [CantidadPrimaTerciaria], [Estado]) VALUES (2, 15, 4, 9, NULL, NULL, 55555, NULL, NULL, 0)
INSERT [dbo].[VariablesMaquinaInyectora] ([VariablesMaquinaInyectoraID], [MaquinaID], [ProductoID], [MateriaPrimaPrincipalID], [MateriaPrimaSecundariaID], [MateriaPrimaTerciariaID], [CantidadPrimaPrincipal], [CantidadPrimaSecundaria], [CantidadPrimaTerciaria], [Estado]) VALUES (3, 15, 11, 9, NULL, NULL, 454, 4545, 4545, 0)
INSERT [dbo].[VariablesMaquinaInyectora] ([VariablesMaquinaInyectoraID], [MaquinaID], [ProductoID], [MateriaPrimaPrincipalID], [MateriaPrimaSecundariaID], [MateriaPrimaTerciariaID], [CantidadPrimaPrincipal], [CantidadPrimaSecundaria], [CantidadPrimaTerciaria], [Estado]) VALUES (4, 14, 16, 9, 9, NULL, 1, 1, NULL, 1)
SET IDENTITY_INSERT [dbo].[VariablesMaquinaInyectora] OFF
SET IDENTITY_INSERT [dbo].[VariablesMaquinaSopladora] ON 

INSERT [dbo].[VariablesMaquinaSopladora] ([VariablesMaquinaSopladoraID], [MaquinaID], [ProductoID], [MateriaPrimaID], [RetardoPresoplado], [RetardoSoplado], [TiempoPresoplado], [TiempoRecuperacion], [TiempoSoplado], [TiempoEscape], [TiempoParoCadena], [TiempoSalidaPinzaPreforma], [FrecuenciaVentilador], [PresionEstirado], [Gancho], [Relay], [AnillosTornelas], [Estado], [Notas], [CantidadZonas], [CantidadBancos], [PosicionBanco1Zona1], [PosicionBanco1Zona2], [PosicionBanco1Zona3], [PosicionBanco1Zona4], [PosicionBanco2Zona1], [PosicionBanco2Zona2], [PosicionBanco2Zona3], [PosicionBanco2Zona4], [ValorBanco1Zona1], [ValorBanco1Zona2], [ValorBanco1Zona3], [ValorBanco1Zona4], [ValorBanco2Zona1], [ValorBanco2Zona2], [ValorBanco2Zona3], [ValorBanco2Zona4]) VALUES (2, 13, 6, 7, 4545, 45445445, 4554, 54, 4545, 45, 4545, 54545, 57, 55445, 1, 1, 1, 0, N'fdfdfd', 5, 5, N'5', N'5', N'5', N'5', N'5', N'5', N'5', N'5', 5, 5, 5, 5, 5, 5, 5, 5)
INSERT [dbo].[VariablesMaquinaSopladora] ([VariablesMaquinaSopladoraID], [MaquinaID], [ProductoID], [MateriaPrimaID], [RetardoPresoplado], [RetardoSoplado], [TiempoPresoplado], [TiempoRecuperacion], [TiempoSoplado], [TiempoEscape], [TiempoParoCadena], [TiempoSalidaPinzaPreforma], [FrecuenciaVentilador], [PresionEstirado], [Gancho], [Relay], [AnillosTornelas], [Estado], [Notas], [CantidadZonas], [CantidadBancos], [PosicionBanco1Zona1], [PosicionBanco1Zona2], [PosicionBanco1Zona3], [PosicionBanco1Zona4], [PosicionBanco2Zona1], [PosicionBanco2Zona2], [PosicionBanco2Zona3], [PosicionBanco2Zona4], [ValorBanco1Zona1], [ValorBanco1Zona2], [ValorBanco1Zona3], [ValorBanco1Zona4], [ValorBanco2Zona1], [ValorBanco2Zona2], [ValorBanco2Zona3], [ValorBanco2Zona4]) VALUES (3, 13, 3, 5, 25, 5, 55, 5, 5, 5, 5, 5, 55, 54, 1, 1, 0, 1, N'dffsd', 0, 0, N'5', NULL, N'5', NULL, NULL, NULL, NULL, NULL, 5, NULL, 5, NULL, NULL, NULL, NULL, NULL)
SET IDENTITY_INSERT [dbo].[VariablesMaquinaSopladora] OFF
